/*
SQLyog Ultimate v12.09 (64 bit)
MySQL - 5.5.57 : Database - movie
*********************************************************************
*/

/*!40101 SET NAMES utf8 */;

/*!40101 SET SQL_MODE=''*/;

/*!40014 SET @OLD_UNIQUE_CHECKS=@@UNIQUE_CHECKS, UNIQUE_CHECKS=0 */;
/*!40014 SET @OLD_FOREIGN_KEY_CHECKS=@@FOREIGN_KEY_CHECKS, FOREIGN_KEY_CHECKS=0 */;
/*!40101 SET @OLD_SQL_MODE=@@SQL_MODE, SQL_MODE='NO_AUTO_VALUE_ON_ZERO' */;
/*!40111 SET @OLD_SQL_NOTES=@@SQL_NOTES, SQL_NOTES=0 */;
CREATE DATABASE /*!32312 IF NOT EXISTS*/`movie` /*!40100 DEFAULT CHARACTER SET utf8 */;

USE `movie`;

/*Table structure for table `tb_cinema` */

DROP TABLE IF EXISTS `tb_cinema`;

CREATE TABLE `tb_cinema` (
  `cinema_id` bigint(20) NOT NULL AUTO_INCREMENT COMMENT '影院编号',
  `cin_name` varchar(3000) DEFAULT NULL COMMENT '影院名称',
  `cin_address` varchar(3000) DEFAULT NULL COMMENT '详细地址',
  `cin_phone` varchar(3000) DEFAULT NULL COMMENT '联系电话',
  `cin_email` varchar(444) DEFAULT NULL COMMENT '邮箱',
  `cin_img` varchar(3000) DEFAULT NULL COMMENT '影院照片',
  `cin_service` varchar(3000) DEFAULT NULL COMMENT '服务',
  `city_id` bigint(20) DEFAULT NULL COMMENT '所属城市',
  `is_usable` bigint(20) DEFAULT '0' COMMENT '是否审核（0未审核,1审核通过,2，）',
  `spare` varchar(3000) DEFAULT NULL COMMENT '备用字段',
  PRIMARY KEY (`cinema_id`),
  KEY `city_id` (`city_id`)
) ENGINE=InnoDB AUTO_INCREMENT=11 DEFAULT CHARSET=utf8;

/*Data for the table `tb_cinema` */

insert  into `tb_cinema`(`cinema_id`,`cin_name`,`cin_address`,`cin_phone`,`cin_email`,`cin_img`,`cin_service`,`city_id`,`is_usable`,`spare`) values (1,'万达影城（京港城店）','丰台区光彩路京港城生活广场6楼（京深海鲜市场对面）','010-53556920','250658406@qq.com','https://p0.meituan.net/poi/ee25343c19f026528f517cfd9f64046b90112.jpg@292w_292h_1e_1c','[{\"service\":\"3D眼镜\",\"items\":\"押金\"},{\"service\":\"儿童优惠\",\"items\":\"1.3米以下免费。特殊厅儿童需购票\"},{\"service\":\"可停车\",\"items\":\"凭当日两张电影票根到大厦一层服务台换取2小时停车券，不可叠加使\"}]',1,1,NULL),(2,'万达影城（CBD店）','朝阳区建国路93号万达广场B座3层','010-53556945','250658406@qq.com','https://p0.meituan.net/poi/ee25343c19f026528f517cfd9f64046b90112.jpg@292w_292h_1e_1c','[{\"service\":\"3D眼镜\",\"items\":\"押金\"},{\"service\":\"儿童优惠\",\"items\":\"1.3米以下免费。特殊厅儿童需购票\"},{\"service\":\"可停车\",\"items\":\"凭当日两张电影票根到大厦一层服务台换取2小时停车券，不可叠加使\"}]',4,0,NULL),(3,'万达影城（丰台店）','丰台区丰科路6号万达广场6层','010-53556945','250658406@qq.com','https://p0.meituan.net/poi/ee25343c19f026528f517cfd9f64046b90112.jpg@292w_292h_1e_1c','[{\"service\":\"3D眼镜\",\"items\":\"押金\"},{\"service\":\"儿童优惠\",\"items\":\"1.3米以下免费。特殊厅儿童需购票\"},{\"service\":\"可停车\",\"items\":\"凭当日两张电影票根到大厦一层服务台换取2小时停车券，不可叠加使\"}]',4,0,NULL),(4,'万达影城（昌平保利光魔店）','昌平区鼓楼南大街6号佳莲时代广场4楼（近鼓楼西街）','4000806060','250658406@qq.com','https://p0.meituan.net/poi/ee25343c19f026528f517cfd9f64046b90112.jpg@292w_292h_1e_1c','[{\"service\":\"3D眼镜\",\"items\":\"押金\"},{\"service\":\"儿童优惠\",\"items\":\"1.3米以下免费。特殊厅儿童需购票\"},{\"service\":\"可停车\",\"items\":\"凭当日两张电影票根到大厦一层服务台换取2小时停车券，不可叠加使\"}]',1,0,NULL),(5,'万达影城（房山首创奥莱店）','万达影城（房山首创奥莱店）\r\n房山区首创奥特莱斯广场','010-53556945','250658406@qq.com','https://p0.meituan.net/poi/ee25343c19f026528f517cfd9f64046b90112.jpg@292w_292h_1e_1c','[{\"service\":\"3D眼镜\",\"items\":\"押金\"},{\"service\":\"儿童优惠\",\"items\":\"1.3米以下免费。特殊厅儿童需购票\"},{\"service\":\"可停车\",\"items\":\"凭当日两张电影票根到大厦一层服务台换取2小时停车券，不可叠加使\"}]',1,0,NULL),(6,'万达影城（西铁营万达广场店）','丰台区西铁营中路1号万达广场七层万达影城\r\n电话：010-59603399','010-53556945','250658406@qq.com','https://p0.meituan.net/poi/ee25343c19f026528f517cfd9f64046b90112.jpg@292w_292h_1e_1c','[{\"service\":\"3D眼镜\",\"items\":\"押金\"},{\"service\":\"儿童优惠\",\"items\":\"1.3米以下免费。特殊厅儿童需购票\"},{\"service\":\"可停车\",\"items\":\"凭当日两张电影票根到大厦一层服务台换取2小时停车券，不可叠加使\"}]',1,0,NULL),(7,'11','11','1','250658406@qq.com',NULL,NULL,2,0,NULL),(8,'111','11','11','250658406@qq.com',NULL,NULL,4,0,NULL),(9,'22','22','22','250658406@qq.com',NULL,NULL,4,0,NULL),(10,'33','33','33','250658406@qq.com',NULL,NULL,4,0,NULL);

/*Table structure for table `tb_city` */

DROP TABLE IF EXISTS `tb_city`;

CREATE TABLE `tb_city` (
  `city_id` bigint(11) NOT NULL AUTO_INCREMENT COMMENT '城市编号',
  `city_name` varchar(255) NOT NULL COMMENT '城市名称',
  `spare` varchar(3000) DEFAULT NULL COMMENT '备用字段',
  PRIMARY KEY (`city_id`)
) ENGINE=InnoDB AUTO_INCREMENT=5 DEFAULT CHARSET=utf8;

/*Data for the table `tb_city` */

insert  into `tb_city`(`city_id`,`city_name`,`spare`) values (1,'北京',NULL),(2,'上海',NULL),(3,'广州',NULL),(4,'安阳',NULL);

/*Table structure for table `tb_client` */

DROP TABLE IF EXISTS `tb_client`;

CREATE TABLE `tb_client` (
  `client_id` bigint(11) NOT NULL AUTO_INCREMENT COMMENT '客户Id',
  `username` varchar(100) NOT NULL COMMENT '用户名',
  `password` varchar(50) NOT NULL COMMENT '密码',
  `account` decimal(9,2) unsigned zerofill DEFAULT '0000000.00' COMMENT '余额',
  `pay_pwd` varchar(20) DEFAULT NULL COMMENT '支付密码',
  `level` bigint(3) DEFAULT '0' COMMENT '会员',
  `phone` varchar(300) NOT NULL COMMENT '手机',
  `email` varchar(300) NOT NULL COMMENT '邮箱',
  `create_time` timestamp NULL DEFAULT NULL COMMENT '注册时间',
  `is_able` bigint(33) DEFAULT NULL COMMENT '是否删除',
  `spare` varchar(255) DEFAULT NULL COMMENT '备用字段',
  PRIMARY KEY (`client_id`)
) ENGINE=InnoDB DEFAULT CHARSET=utf8;

/*Data for the table `tb_client` */

/*Table structure for table `tb_comment` */

DROP TABLE IF EXISTS `tb_comment`;

CREATE TABLE `tb_comment` (
  `com_id` bigint(33) NOT NULL AUTO_INCREMENT COMMENT '评论ID',
  `order_id` bigint(44) DEFAULT NULL COMMENT '订单ID',
  `ticket_id` bigint(44) DEFAULT NULL COMMENT '电影票ID',
  `mov_id` bigint(43) DEFAULT NULL COMMENT '电影ID',
  `mov_name` varchar(232) DEFAULT NULL COMMENT '电影名',
  `content` varchar(3000) DEFAULT NULL COMMENT '内容',
  `score` varchar(300) DEFAULT NULL COMMENT '评分',
  `client_id` bigint(33) DEFAULT NULL COMMENT '影院Id',
  `client_name` varchar(333) DEFAULT NULL COMMENT '影院名字',
  `spare` varchar(3000) DEFAULT NULL COMMENT '备用字段',
  PRIMARY KEY (`com_id`)
) ENGINE=InnoDB DEFAULT CHARSET=utf8;

/*Data for the table `tb_comment` */

/*Table structure for table `tb_hall` */

DROP TABLE IF EXISTS `tb_hall`;

CREATE TABLE `tb_hall` (
  `hall_id` bigint(20) NOT NULL AUTO_INCREMENT COMMENT '影厅ID',
  `hall_name` varchar(300) DEFAULT NULL COMMENT '影厅名字',
  `hall_type` varchar(555) DEFAULT NULL COMMENT '影厅类型',
  `seat` varchar(9000) DEFAULT NULL COMMENT '座位',
  `cinema_id` bigint(20) DEFAULT NULL COMMENT '影院ID',
  `spare` varchar(3000) DEFAULT NULL COMMENT '备用字段',
  PRIMARY KEY (`hall_id`),
  KEY `cinema` (`cinema_id`)
) ENGINE=InnoDB AUTO_INCREMENT=9 DEFAULT CHARSET=utf8;

/*Data for the table `tb_hall` */

insert  into `tb_hall`(`hall_id`,`hall_name`,`hall_type`,`seat`,`cinema_id`,`spare`) values (1,'激光厅1','高级111','{\"column\":\"5\",\"row\":\"3\",\"seats\":[{\"x\":\"1\",\"y\":\"1\",\"id\":\"1\",\"status\":1},{\"x\":\"1\",\"y\":\"2\",\"id\":\"2\",\"status\":1},{\"x\":\"1\",\"y\":\"3\",\"id\":\"3\",\"status\":1},{\"x\":\"1\",\"y\":\"4\",\"id\":\"4\",\"status\":1},{\"x\":\"1\",\"y\":\"5\",\"id\":\"5\",\"status\":1},{\"x\":\"2\",\"y\":\"1\",\"id\":\"6\",\"status\":1},{\"x\":\"2\",\"y\":\"2\",\"id\":\"7\",\"status\":1},{\"x\":\"2\",\"y\":\"3\",\"id\":\"8\",\"status\":1},{\"x\":\"2\",\"y\":\"4\",\"id\":\"9\",\"status\":1},{\"x\":\"2\",\"y\":\"5\",\"id\":\"10\",\"status\":1},{\"x\":\"3\",\"y\":\"1\",\"id\":\"11\",\"status\":0},{\"x\":\"3\",\"y\":\"2\",\"id\":\"12\",\"status\":1},{\"x\":\"3\",\"y\":\"3\",\"id\":\"13\",\"status\":1},{\"x\":\"3\",\"y\":\"4\",\"id\":\"14\",\"status\":1},{\"x\":\"3\",\"y\":\"5\",\"id\":\"15\",\"status\":0}]}',2,NULL),(2,'激光厅1','中级','{\"column\":\"5\",\"row\":\"3\",\"seats\":[{\"x\":\"1\",\"y\":\"1\",\"id\":\"1\",\"status\":0},{\"x\":\"1\",\"y\":\"2\",\"id\":\"2\",\"status\":\"1\"},{\"x\":\"1\",\"y\":\"3\",\"id\":\"3\",\"status\":1},{\"x\":\"1\",\"y\":\"4\",\"id\":\"4\",\"status\":\"1\"},{\"x\":\"1\",\"y\":\"5\",\"id\":\"5\",\"status\":\"0\"},{\"x\":\"2\",\"y\":\"1\",\"id\":\"6\",\"status\":\"1\"},{\"x\":\"2\",\"y\":\"2\",\"id\":\"7\",\"status\":1},{\"x\":\"2\",\"y\":\"3\",\"id\":\"8\",\"status\":1},{\"x\":\"2\",\"y\":\"4\",\"id\":\"9\",\"status\":\"1\"},{\"x\":\"2\",\"y\":\"5\",\"id\":\"10\",\"status\":1},{\"x\":\"3\",\"y\":\"1\",\"id\":\"11\",\"status\":0},{\"x\":\"3\",\"y\":\"2\",\"id\":\"12\",\"status\":\"1\"},{\"x\":\"3\",\"y\":\"3\",\"id\":\"13\",\"status\":1},{\"x\":\"3\",\"y\":\"4\",\"id\":\"14\",\"status\":\"1\"},{\"x\":\"3\",\"y\":\"5\",\"id\":\"15\",\"status\":0}]}',1,NULL),(7,'2','4','{\"column\":\"4\",\"row\":\"2\",\"seats\":[{\"x\":1,\"y\":1,\"id\":1,\"status\":1},{\"x\":1,\"y\":2,\"id\":2,\"status\":1},{\"x\":1,\"y\":3,\"id\":3,\"status\":1},{\"x\":1,\"y\":4,\"id\":4,\"status\":1},{\"x\":2,\"y\":1,\"id\":5,\"status\":1},{\"x\":2,\"y\":2,\"id\":6,\"status\":1},{\"x\":2,\"y\":3,\"id\":7,\"status\":1},{\"x\":2,\"y\":4,\"id\":8,\"status\":1}]}',1,NULL),(8,'5号厅','小间','{\"column\":\"6\",\"row\":\"5\",\"seats\":[{\"x\":1,\"y\":1,\"id\":1,\"status\":1},{\"x\":1,\"y\":2,\"id\":2,\"status\":1},{\"x\":1,\"y\":3,\"id\":3,\"status\":1},{\"x\":1,\"y\":4,\"id\":4,\"status\":1},{\"x\":1,\"y\":5,\"id\":5,\"status\":1},{\"x\":1,\"y\":6,\"id\":6,\"status\":1},{\"x\":2,\"y\":1,\"id\":7,\"status\":1},{\"x\":2,\"y\":2,\"id\":8,\"status\":1},{\"x\":2,\"y\":3,\"id\":9,\"status\":1},{\"x\":2,\"y\":4,\"id\":10,\"status\":1},{\"x\":2,\"y\":5,\"id\":11,\"status\":1},{\"x\":2,\"y\":6,\"id\":12,\"status\":1},{\"x\":3,\"y\":1,\"id\":13,\"status\":1},{\"x\":3,\"y\":2,\"id\":14,\"status\":1},{\"x\":3,\"y\":3,\"id\":15,\"status\":1},{\"x\":3,\"y\":4,\"id\":16,\"status\":1},{\"x\":3,\"y\":5,\"id\":17,\"status\":1},{\"x\":3,\"y\":6,\"id\":18,\"status\":1},{\"x\":4,\"y\":1,\"id\":19,\"status\":1},{\"x\":4,\"y\":2,\"id\":20,\"status\":1},{\"x\":4,\"y\":3,\"id\":21,\"status\":1},{\"x\":4,\"y\":4,\"id\":22,\"status\":1},{\"x\":4,\"y\":5,\"id\":23,\"status\":1},{\"x\":4,\"y\":6,\"id\":24,\"status\":1},{\"x\":5,\"y\":1,\"id\":25,\"status\":1},{\"x\":5,\"y\":2,\"id\":26,\"status\":1},{\"x\":5,\"y\":3,\"id\":27,\"status\":1},{\"x\":5,\"y\":4,\"id\":28,\"status\":1},{\"x\":5,\"y\":5,\"id\":29,\"status\":1},{\"x\":5,\"y\":6,\"id\":30,\"status\":1}]}',1,NULL);

/*Table structure for table `tb_home_data` */

DROP TABLE IF EXISTS `tb_home_data`;

CREATE TABLE `tb_home_data` (
  `home_id` bigint(20) NOT NULL AUTO_INCREMENT COMMENT '展示ID',
  `cinema_id` bigint(20) NOT NULL COMMENT '影院ID',
  `mov_id` bigint(20) NOT NULL COMMENT '电影ID',
  `mov_pic1` varchar(2000) NOT NULL COMMENT '电影图片',
  `mov_name` varchar(444) NOT NULL COMMENT '电影名',
  `city_id` bigint(33) NOT NULL COMMENT '城市ID',
  `spare` varchar(300) DEFAULT NULL COMMENT '备用字段',
  PRIMARY KEY (`home_id`)
) ENGINE=InnoDB AUTO_INCREMENT=4 DEFAULT CHARSET=utf8;

/*Data for the table `tb_home_data` */

insert  into `tb_home_data`(`home_id`,`cinema_id`,`mov_id`,`mov_pic1`,`mov_name`,`city_id`,`spare`) values (1,1,1,'https://p0.meituan.net/moviemachine/b2c5c74d33e45745fd3462e44b3698e18336620.jpg@464w_644h_1e_1c','我和我的祖国',3,NULL),(2,1,2,'https://p0.meituan.net/movie/cddf92d0ac6a0db837a1bc488b241c42267927.jpg@464w_644h_1e_1c','中国机长',1,NULL),(3,1,3,'https://p0.meituan.net/moviemachine/58ee13be6dc60bf5e636cf915bbbaaa55787785.jpg@464w_644h_1e_1c','冰雪奇缘2',1,NULL);

/*Table structure for table `tb_movie` */

DROP TABLE IF EXISTS `tb_movie`;

CREATE TABLE `tb_movie` (
  `mov_id` bigint(20) NOT NULL AUTO_INCREMENT COMMENT '电影ID',
  `mov_name` varchar(255) DEFAULT NULL COMMENT '电影名称',
  `mov_introduce` varchar(4000) DEFAULT NULL COMMENT '简介',
  `mov_indate` datetime DEFAULT NULL COMMENT '上映时间',
  `mov_time` varchar(55) DEFAULT NULL COMMENT '时长',
  `mov_director` varchar(4000) DEFAULT NULL COMMENT '导演',
  `mov_performer` varchar(4000) DEFAULT NULL COMMENT '演员',
  `mov_pic1` varchar(4000) DEFAULT NULL COMMENT '图片',
  `mov_pic2` varchar(4000) DEFAULT NULL COMMENT '图片集',
  `mov_style` varchar(255) DEFAULT '2D' COMMENT '类型2D、3D',
  `country` varchar(40) DEFAULT NULL COMMENT '国家',
  `type_id` bigint(20) DEFAULT NULL COMMENT '类型ID',
  `is_able` bigint(22) DEFAULT NULL COMMENT '是否可用',
  `spare` varchar(333) DEFAULT NULL COMMENT '备选字段',
  PRIMARY KEY (`mov_id`),
  KEY `type_id` (`type_id`)
) ENGINE=InnoDB AUTO_INCREMENT=53 DEFAULT CHARSET=utf8;

/*Data for the table `tb_movie` */

insert  into `tb_movie`(`mov_id`,`mov_name`,`mov_introduce`,`mov_indate`,`mov_time`,`mov_director`,`mov_performer`,`mov_pic1`,`mov_pic2`,`mov_style`,`country`,`type_id`,`is_able`,`spare`) values (1,'我和我的祖国','七位导演分别取材新中国成立70周年以来，祖国经历的无数个历史性经典瞬间。讲述普通人与国家之间息息相关密不可分的动人故事。聚焦大时代大事件下，小人物和国家之间，看似遥远实则密切的关联，唤醒全球华人共同回忆。','2019-09-30 09:00:00','155','陈凯歌、张一白','黄渤、张译、葛优、。。。','https://p0.meituan.net/moviemachine/b2c5c74d33e45745fd3462e44b3698e18336620.jpg@464w_644h_1e_1c','[{\r\n		\"url\": \"https://p0.meituan.net/movie/20d7fb650d93f87b88817bba5fc88c3629898.jpg@106w_106h_1e_1c\"\r\n	},\r\n	{\r\n		\"url\": \"https://p0.meituan.net/movie/88e5fd1fe53809550fc0f70980ca35be107937.jpg@106w_106h_1e_1c\"\r\n	}, {\r\n		\"url\": \"https://p0.meituan.net/movie/610cf20fcdd46bcb74343ea40e2d8199113597.jpg@106w_106h_1e_1c\"\r\n	}, {\r\n		\"url\": \"https://p0.meituan.net/movie/017def855e6ed65cda367fe8d3ae77a758136.jpg@106w_106h_1e_1c\"\r\n	}\r\n]','2D','中国',8,NULL,NULL),(2,'中国机长','根据2018年5月14日四川航空3U8633航班机组成功处置特情真实事件改编。机组执行航班任务时，在万米高空突遇驾驶舱风挡玻璃爆裂脱落、座舱释压的极端罕见险情，生死关头，他们临危不乱、果断应对、正确处置，确保了机上全部人员的生命安全，创造了世界民航史上的奇迹。','2019-09-30 09:00:00','111','刘伟强','张涵予、欧豪、杜江、、、、','https://p0.meituan.net/movie/cddf92d0ac6a0db837a1bc488b241c42267927.jpg@464w_644h_1e_1c','[{\r\n		\"url\": \"https://p0.meituan.net/movie/55ed0058c33624eca06036b834d5e8b1105283.jpg@126w_126h_1e_1c\"\r\n	},\r\n	{\r\n		\"url\": \"https://p0.meituan.net/movie/2820aec0676485fd97c57b21fd4cf27097334.jpg@126w_126h_1e_1c\"\r\n	}, {\r\n		\"url\": \"https://p0.meituan.net/movie/14b8845e5e566c4fc32156d4831313db85239.jpg@126w_126h_1e_1c\"\r\n	}, {\r\n		\"url\": \"https://p0.meituan.net/movie/5fd9083aee37fc88ebcdd0f7a5e9546e91174.jpg@465w_258h_1e_1c\"\r\n	}\r\n]','2D','中国',3,NULL,NULL),(3,'冰雪奇缘2','为什么艾莎（伊迪娜·门泽尔 配音）天生就拥有神奇魔法？谜题的答案一直呼唤着她，也威胁着王国的安全。她将和安娜（克里斯汀·贝尔 配音）、克斯托夫（乔纳森·格罗夫 配音）、雪宝（乔什·盖德 配音）和驯鹿斯特共同开启一场非凡的冒险旅程。艾莎曾担心世界不能接受自己的冰雪魔法，但在《冰雪奇缘2》中她却必须祈祷自己的魔法足够强大，能够拯救世界。本片由奥斯卡金牌团队打造——导演珍妮弗·李和克里斯·巴克、制作人彼得·戴尔·维克以及词曲作者克里斯汀·安德森-洛佩兹及罗伯特·洛佩兹悉数回归，原配音班底伊迪娜·门泽尔、克里斯汀·贝尔、乔纳森·格罗夫和乔什·盖德再度加盟。华特迪士尼动画工作室荣誉出品《冰雪奇缘2》将于2019年11月22日登陆北美院线。','2019-12-02 00:00:00','104','珍妮弗·李、克里斯·巴','克里斯汀·贝尔、、、、、','https://p0.meituan.net/moviemachine/58ee13be6dc60bf5e636cf915bbbaaa55787785.jpg@464w_644h_1e_1c','[{\r\n		\"url\": \"https://p0.meituan.net/mmdb/63cce99de72faaa29e79d1d21970f7a51040892.png@106w_106h_1e_1c\"\r\n	},\r\n	{\r\n		\"url\": \"https://p0.meituan.net/movie/29351e6786206661900680db00e316d6221995.jpg@106w_106h_1e_1c\"\r\n	}, {\r\n		\"url\": \"https://p0.meituan.net/movie/6fdb82613a6aa040f8ba5608a50601eb168455.jpg@106w_106h_1e_1c\"\r\n	}, {\r\n		\"url\": \"https://p0.meituan.net/movie/c0fd692a7f24f0987305d1369c5fa38d169972.jpg@106w_106h_1e_1c\"\r\n	}\r\n]','3D','美国',5,NULL,NULL),(5,'111',NULL,NULL,'33333','[]','[]','http://localhost:8100/upload/2019-12-16/1576503919650.jpg','[]','555','666',NULL,NULL,NULL),(6,'111',NULL,NULL,'33333','[{\"img\":\"http://localhost:8100/upload/2019-12-16/1576504149437.jpg\",\"name\":\"11\"},{\"img\":\"http://localhost:8100/upload/2019-12-16/1576504158788.jpg\",\"name\":\"222\"}]','[{\"img\":\"http://localhost:8100/upload/2019-12-16/1576504168478.jpg\",\"name\":\"发发发\"},{\"img\":\"http://localhost:8100/upload/2019-12-16/1576504176489.jpg\",\"name\":\"任溶溶\"}]','http://localhost:8100/upload/2019-12-16/1576503919650.jpg','[\"http://localhost:8100/upload/2019-12-16/1576504183480.jpg\",\"http://localhost:8100/upload/2019-12-16/1576504191411.jpg\"]','555','666',NULL,NULL,NULL),(7,'111',NULL,NULL,'33333','[{\"img\":\"http://localhost:8100/upload/2019-12-16/1576504149437.jpg\",\"name\":\"11\"},{\"img\":\"http://localhost:8100/upload/2019-12-16/1576504158788.jpg\",\"name\":\"222\"}]','[{\"img\":\"http://localhost:8100/upload/2019-12-16/1576504168478.jpg\",\"name\":\"发发发\"},{\"img\":\"http://localhost:8100/upload/2019-12-16/1576504176489.jpg\",\"name\":\"任溶溶\"}]','http://localhost:8100/upload/2019-12-16/1576503919650.jpg','[\"http://localhost:8100/upload/2019-12-16/1576504183480.jpg\",\"http://localhost:8100/upload/2019-12-16/1576504191411.jpg\"]','555','666',NULL,NULL,NULL),(8,'44',NULL,NULL,'4','[]','[]','http://127.0.0.1:8100/upload/2019-12-18/1576679214098.jpg','[]','e','44',NULL,NULL,NULL),(9,'44',NULL,NULL,'4','[]','[]','http://127.0.0.1:8100/upload/2019-12-18/1576679214098.jpg','[]','e','44',NULL,NULL,NULL),(10,NULL,NULL,NULL,NULL,'[]','[]','http://127.0.0.1:8100/upload/2019-12-19/1576758051914.jpg','[]',NULL,NULL,NULL,NULL,NULL),(11,NULL,NULL,'2019-12-18 22:31:33',NULL,'[]','[]','http://127.0.0.1:8100/upload/2019-12-19/1576758051914.jpg','[]',NULL,NULL,NULL,NULL,NULL),(12,NULL,NULL,'2019-12-13 00:00:00',NULL,'[]','[]','http://127.0.0.1:8100/upload/2019-12-19/1576758051914.jpg','[]',NULL,NULL,NULL,NULL,NULL),(13,'5555','555555555555555555','2019-12-19 00:00:00','55','[{\"img\":\"http://127.0.0.1:8100/upload/2019-12-18/1576680697295.jpg\",\"name\":\"55\"}]','[{\"img\":\"http://127.0.0.1:8100/upload/2019-12-18/1576680704704.jpg\",\"name\":\"555555555\"}]','http://127.0.0.1:8100/upload/2019-12-18/1576680686717.jpg','[\"http://127.0.0.1:8100/upload/2019-12-18/1576680711176.jpg\"]',NULL,'55555',5,NULL,NULL),(14,'5555','555555555555555555','2019-12-19 00:00:00','55','[{\"img\":\"http://127.0.0.1:8100/upload/2019-12-18/1576680697295.jpg\",\"name\":\"55\"}]','[{\"img\":\"http://127.0.0.1:8100/upload/2019-12-18/1576680704704.jpg\",\"name\":\"555555555\"}]','http://127.0.0.1:8100/upload/2019-12-18/1576680686717.jpg','[\"http://127.0.0.1:8100/upload/2019-12-18/1576680711176.jpg\"]',NULL,'55555',5,NULL,NULL),(15,'999','99999999999999999','2019-12-17 00:00:00','99','[]','[]','http://127.0.0.1:8100/upload/2019-12-19/1576743350023.jpg','[]','99','99',2,1,NULL),(16,'999','99999999999999999','2019-12-17 00:00:00','99','[]','[]','http://127.0.0.1:8100/upload/2019-12-19/1576743350023.jpg','[]','99','99',2,1,NULL),(17,'999','99999999999999999','2019-12-17 00:00:00','99','[]','[]','http://127.0.0.1:8100/upload/2019-12-19/1576743350023.jpg','[]','99','99',2,1,NULL),(18,'999','99999999999999999','2019-12-17 00:00:00','99','[]','[]','http://127.0.0.1:8100/upload/2019-12-19/1576743350023.jpg','[]','99','99',2,1,NULL),(19,'999','99999999999999999','2019-12-17 00:00:00','99','[]','[]','http://127.0.0.1:8100/upload/2019-12-19/1576743350023.jpg','[]','99','99',2,1,NULL),(20,'999','99999999999999999','2019-12-17 00:00:00','99','[]','[]','http://127.0.0.1:8100/upload/2019-12-19/1576743350023.jpg','[]','99','99',2,1,NULL),(21,'999','99999999999999999','2019-12-17 00:00:00','99','[]','[]','http://127.0.0.1:8100/upload/2019-12-19/1576743350023.jpg','[]','99','99',2,1,NULL),(22,'999','99999999999999999','2019-12-17 00:00:00','99','[]','[]','http://127.0.0.1:8100/upload/2019-12-19/1576743350023.jpg','[]','99','99',2,1,NULL),(23,'999','99999999999999999','2019-12-17 00:00:00','99','[]','[]','http://127.0.0.1:8100/upload/2019-12-19/1576743350023.jpg','[]','99','99',2,1,NULL),(24,'999','99999999999999999','2019-12-17 00:00:00','99','[]','[]','http://127.0.0.1:8100/upload/2019-12-19/1576743350023.jpg','[]','99','99',2,1,NULL),(25,'999','99999999999999999','2019-12-17 00:00:00','99','[]','[]','http://127.0.0.1:8100/upload/2019-12-19/1576743350023.jpg','[]','99','99',2,1,NULL),(26,'999','99999999999999999','2019-12-17 00:00:00','99','[]','[]','http://127.0.0.1:8100/upload/2019-12-19/1576743350023.jpg','[]','99','99',2,1,NULL),(27,'999','99999999999999999','2019-12-17 00:00:00','99','[]','[]','http://127.0.0.1:8100/upload/2019-12-19/1576743350023.jpg','[]','99','99',2,1,NULL),(28,'999','99999999999999999','2019-12-27 09:22:00','99','[]','[]','http://127.0.0.1:8100/upload/2019-12-19/1576743350023.jpg','[]','99','99',2,1,NULL),(29,'999','99999999999999999','2019-12-27 09:22:00','99','[]','[]','http://127.0.0.1:8100/upload/2019-12-19/1576743350023.jpg','[]','99','99',2,1,NULL),(30,'999','99999999999999999','2019-12-27 09:22:00','99','[]','[]','http://127.0.0.1:8100/upload/2019-12-19/1576743350023.jpg','[]','99','99',2,1,NULL),(31,'999','99999999999999999','2019-12-27 09:22:00','99','[]','[]','http://127.0.0.1:8100/upload/2019-12-19/1576743350023.jpg','[]','99','99',2,1,NULL),(32,'999','99999999999999999','2019-12-27 09:22:00','99','[]','[]','http://127.0.0.1:8100/upload/2019-12-19/1576743350023.jpg','[]','99','99',2,1,NULL),(33,'999','99999999999999999','2019-12-27 09:22:00','99','[]','[]','http://127.0.0.1:8100/upload/2019-12-19/1576743350023.jpg','[]','99','99',2,1,NULL),(34,'叶问4：完结篇','<img src=\"http://localhost:9101/plugins/kindeditor/plugins/emoticons/images/0.gif\" border=\"0\" alt=\"\" /><span></span><img src=\"http://localhost:9101/plugins/kindeditor/plugins/emoticons/images/0.gif\" border=\"0\" alt=\"\" /><span></span><img src=\"http://localhost:9101/plugins/kindeditor/plugins/emoticons/images/0.gif\" border=\"0\" alt=\"\" /><span></span><img src=\"http://localhost:9101/plugins/kindeditor/plugins/emoticons/images/0.gif\" border=\"0\" alt=\"\" /><span></span><img src=\"http://localhost:9101/plugins/kindeditor/plugins/emoticons/images/0.gif\" border=\"0\" alt=\"\" /><span></span><img src=\"http://localhost:9101/plugins/kindeditor/plugins/emoticons/images/0.gif\" border=\"0\" alt=\"\" /><span></span><img src=\"http://localhost:9101/plugins/kindeditor/plugins/emoticons/images/0.gif\" border=\"0\" alt=\"\" /><span></span><img src=\"http://localhost:9101/plugins/kindeditor/plugins/emoticons/images/0.gif\" border=\"0\" alt=\"\" /><span></span><img src=\"http://localhost:9101/plugins/kindeditor/plugins/emoticons/images/0.gif\" border=\"0\" alt=\"\" /><span></span><img src=\"http://localhost:9101/plugins/kindeditor/plugins/emoticons/images/0.gif\" border=\"0\" alt=\"\" /><span></span><img src=\"http://localhost:9101/plugins/kindeditor/plugins/emoticons/images/0.gif\" border=\"0\" alt=\"\" /><span></span><img src=\"http://localhost:9101/plugins/kindeditor/plugins/emoticons/images/0.gif\" border=\"0\" alt=\"\" /><span></span>','2019-12-20 00:00:00','107','[{\"img\":\"http://127.0.0.1:8100/upload/2019-12-19/1576758122107.jpg\",\"name\":\"于伟信\"}]','[{\"img\":\"http://127.0.0.1:8100/upload/2019-12-19/1576758205747.jpg\",\"name\":\"甄子丹\"},{\"img\":\"http://127.0.0.1:8100/upload/2019-12-19/1576758218690.jpg\",\"name\":\"吴建豪\"},{\"img\":\"http://127.0.0.1:8100/upload/2019-12-19/1576758239503.jpg\",\"name\":\"吴越\"}]','http://127.0.0.1:8100/upload/2019-12-19/1576758051914.jpg','[\"http://127.0.0.1:8100/upload/2019-12-19/1576758250829.jpg\"]','2D','中国',3,1,NULL),(35,'叶问4：完结篇','<span style=\"color:#333333;font-family:&quot;font-size:14px;background-color:#FFFFFF;\">因故来到美国唐人街的叶问，意外卷入一场当地军方势力与华人武馆的纠纷，面对日益猖狂的民族歧视与压迫，叶问挺身而出，在美国海军陆战队军营拼死一战，以正宗咏春，向世界证明了中国功夫。</span><span></span><img src=\"http://localhost:9101/plugins/kindeditor/plugins/emoticons/images/0.gif\" border=\"0\" alt=\"\" /><span></span><img src=\"http://localhost:9101/plugins/kindeditor/plugins/emoticons/images/0.gif\" border=\"0\" alt=\"\" /><span></span><img src=\"http://localhost:9101/plugins/kindeditor/plugins/emoticons/images/0.gif\" border=\"0\" alt=\"\" /><span></span><img src=\"http://localhost:9101/plugins/kindeditor/plugins/emoticons/images/0.gif\" border=\"0\" alt=\"\" /><span></span><img src=\"http://localhost:9101/plugins/kindeditor/plugins/emoticons/images/0.gif\" border=\"0\" alt=\"\" /><span></span><img src=\"http://localhost:9101/plugins/kindeditor/plugins/emoticons/images/0.gif\" border=\"0\" alt=\"\" /><span></span><img src=\"http://localhost:9101/plugins/kindeditor/plugins/emoticons/images/0.gif\" border=\"0\" alt=\"\" /><span></span><img src=\"http://localhost:9101/plugins/kindeditor/plugins/emoticons/images/0.gif\" border=\"0\" alt=\"\" /><span></span><img src=\"http://localhost:9101/plugins/kindeditor/plugins/emoticons/images/0.gif\" border=\"0\" alt=\"\" /><span></span><img src=\"http://localhost:9101/plugins/kindeditor/plugins/emoticons/images/0.gif\" border=\"0\" alt=\"\" /><span></span><img src=\"http://localhost:9101/plugins/kindeditor/plugins/emoticons/images/0.gif\" border=\"0\" alt=\"\" /><span></span>','2019-12-20 00:00:00','107','[{\"img\":\"http://127.0.0.1:8100/upload/2019-12-19/1576758122107.jpg\",\"name\":\"于伟信\"}]','[{\"img\":\"http://127.0.0.1:8100/upload/2019-12-19/1576758205747.jpg\",\"name\":\"甄子丹\"},{\"img\":\"http://127.0.0.1:8100/upload/2019-12-19/1576758218690.jpg\",\"name\":\"吴建豪\"},{\"img\":\"http://127.0.0.1:8100/upload/2019-12-19/1576758239503.jpg\",\"name\":\"吴越\"}]','http://127.0.0.1:8100/upload/2019-12-19/1576758051914.jpg','[\"http://127.0.0.1:8100/upload/2019-12-19/1576758250829.jpg\",\"http://127.0.0.1:8100/upload/2019-12-19/1576758301838.jpg\",\"http://127.0.0.1:8100/upload/2019-12-19/1576758309083.jpg\",\"http://127.0.0.1:8100/upload/2019-12-19/1576758316687.jpg\"]','2D','中国',3,1,NULL),(36,'叶问4：完结篇','<span style=\"color:#333333;font-family:&quot;font-size:14px;background-color:#FFFFFF;\">因故来到美国唐人街的叶问，意外卷入一场当地军方势力与华人武馆的纠纷，面对日益猖狂的民族歧视与压迫，叶问挺身而出，在美国海军陆战队军营拼死一战，以正宗咏春，向世界证明了中国功夫。</span><span></span><img src=\"http://localhost:9101/plugins/kindeditor/plugins/emoticons/images/0.gif\" border=\"0\" alt=\"\" /><span></span><img src=\"http://localhost:9101/plugins/kindeditor/plugins/emoticons/images/0.gif\" border=\"0\" alt=\"\" /><span></span><img src=\"http://localhost:9101/plugins/kindeditor/plugins/emoticons/images/0.gif\" border=\"0\" alt=\"\" /><span></span><img src=\"http://localhost:9101/plugins/kindeditor/plugins/emoticons/images/0.gif\" border=\"0\" alt=\"\" /><span></span><img src=\"http://localhost:9101/plugins/kindeditor/plugins/emoticons/images/0.gif\" border=\"0\" alt=\"\" /><span></span><img src=\"http://localhost:9101/plugins/kindeditor/plugins/emoticons/images/0.gif\" border=\"0\" alt=\"\" /><span></span><img src=\"http://localhost:9101/plugins/kindeditor/plugins/emoticons/images/0.gif\" border=\"0\" alt=\"\" /><span></span><img src=\"http://localhost:9101/plugins/kindeditor/plugins/emoticons/images/0.gif\" border=\"0\" alt=\"\" /><span></span><img src=\"http://localhost:9101/plugins/kindeditor/plugins/emoticons/images/0.gif\" border=\"0\" alt=\"\" /><span></span><img src=\"http://localhost:9101/plugins/kindeditor/plugins/emoticons/images/0.gif\" border=\"0\" alt=\"\" /><span></span><img src=\"http://localhost:9101/plugins/kindeditor/plugins/emoticons/images/0.gif\" border=\"0\" alt=\"\" /><span></span>','2019-12-20 00:00:00','107','[{\"img\":\"http://127.0.0.1:8100/upload/2019-12-19/1576758122107.jpg\",\"name\":\"于伟信\"}]','[{\"img\":\"http://127.0.0.1:8100/upload/2019-12-19/1576758205747.jpg\",\"name\":\"甄子丹\"},{\"img\":\"http://127.0.0.1:8100/upload/2019-12-19/1576758218690.jpg\",\"name\":\"吴建豪\"},{\"img\":\"http://127.0.0.1:8100/upload/2019-12-19/1576758239503.jpg\",\"name\":\"吴越\"}]','http://127.0.0.1:8100/upload/2019-12-19/1576758051914.jpg','[\"http://127.0.0.1:8100/upload/2019-12-19/1576758250829.jpg\",\"http://127.0.0.1:8100/upload/2019-12-19/1576758301838.jpg\",\"http://127.0.0.1:8100/upload/2019-12-19/1576758309083.jpg\",\"http://127.0.0.1:8100/upload/2019-12-19/1576758316687.jpg\"]','2D','中国',3,1,NULL),(37,'叶问4：完结篇','<span style=\"color:#333333;font-family:&quot;font-size:14px;background-color:#FFFFFF;\">因故来到美国唐人街的叶问，意外卷入一场当地军方势力与华人武馆的纠纷，面对日益猖狂的民族歧视与压迫，叶问挺身而出，在美国海军陆战队军营拼死一战，以正宗咏春，向世界证明了中国功夫。</span><span></span><img src=\"http://localhost:9101/plugins/kindeditor/plugins/emoticons/images/0.gif\" border=\"0\" alt=\"\" /><span></span><img src=\"http://localhost:9101/plugins/kindeditor/plugins/emoticons/images/0.gif\" border=\"0\" alt=\"\" /><span></span><img src=\"http://localhost:9101/plugins/kindeditor/plugins/emoticons/images/0.gif\" border=\"0\" alt=\"\" /><span></span><img src=\"http://localhost:9101/plugins/kindeditor/plugins/emoticons/images/0.gif\" border=\"0\" alt=\"\" /><span></span><img src=\"http://localhost:9101/plugins/kindeditor/plugins/emoticons/images/0.gif\" border=\"0\" alt=\"\" /><span></span><img src=\"http://localhost:9101/plugins/kindeditor/plugins/emoticons/images/0.gif\" border=\"0\" alt=\"\" /><span></span><img src=\"http://localhost:9101/plugins/kindeditor/plugins/emoticons/images/0.gif\" border=\"0\" alt=\"\" /><span></span><img src=\"http://localhost:9101/plugins/kindeditor/plugins/emoticons/images/0.gif\" border=\"0\" alt=\"\" /><span></span><img src=\"http://localhost:9101/plugins/kindeditor/plugins/emoticons/images/0.gif\" border=\"0\" alt=\"\" /><span></span><img src=\"http://localhost:9101/plugins/kindeditor/plugins/emoticons/images/0.gif\" border=\"0\" alt=\"\" /><span></span><img src=\"http://localhost:9101/plugins/kindeditor/plugins/emoticons/images/0.gif\" border=\"0\" alt=\"\" /><span></span>','2019-12-20 00:00:00','107','[{\"img\":\"http://127.0.0.1:8100/upload/2019-12-19/1576758122107.jpg\",\"name\":\"于伟信\"}]','[{\"img\":\"http://127.0.0.1:8100/upload/2019-12-19/1576758205747.jpg\",\"name\":\"甄子丹\"},{\"img\":\"http://127.0.0.1:8100/upload/2019-12-19/1576758218690.jpg\",\"name\":\"吴建豪\"},{\"img\":\"http://127.0.0.1:8100/upload/2019-12-19/1576758239503.jpg\",\"name\":\"吴越\"}]','http://127.0.0.1:8100/upload/2019-12-19/1576758051914.jpg','[\"http://127.0.0.1:8100/upload/2019-12-19/1576758250829.jpg\",\"http://127.0.0.1:8100/upload/2019-12-19/1576758301838.jpg\",\"http://127.0.0.1:8100/upload/2019-12-19/1576758309083.jpg\",\"http://127.0.0.1:8100/upload/2019-12-19/1576758316687.jpg\"]','2D','中国',3,1,NULL),(38,'叶问4：完结篇','<span style=\"color:#333333;font-family:&quot;font-size:14px;background-color:#FFFFFF;\">因故来到美国唐人街的叶问，意外卷入一场当地军方势力与华人武馆的纠纷，面对日益猖狂的民族歧视与压迫，叶问挺身而出，在美国海军陆战队军营拼死一战，以正宗咏春，向世界证明了中国功夫。</span><span></span><img src=\"http://localhost:9101/plugins/kindeditor/plugins/emoticons/images/0.gif\" border=\"0\" alt=\"\" /><span></span><img src=\"http://localhost:9101/plugins/kindeditor/plugins/emoticons/images/0.gif\" border=\"0\" alt=\"\" /><span></span><img src=\"http://localhost:9101/plugins/kindeditor/plugins/emoticons/images/0.gif\" border=\"0\" alt=\"\" /><span></span><img src=\"http://localhost:9101/plugins/kindeditor/plugins/emoticons/images/0.gif\" border=\"0\" alt=\"\" /><span></span><img src=\"http://localhost:9101/plugins/kindeditor/plugins/emoticons/images/0.gif\" border=\"0\" alt=\"\" /><span></span><img src=\"http://localhost:9101/plugins/kindeditor/plugins/emoticons/images/0.gif\" border=\"0\" alt=\"\" /><span></span><img src=\"http://localhost:9101/plugins/kindeditor/plugins/emoticons/images/0.gif\" border=\"0\" alt=\"\" /><span></span><img src=\"http://localhost:9101/plugins/kindeditor/plugins/emoticons/images/0.gif\" border=\"0\" alt=\"\" /><span></span><img src=\"http://localhost:9101/plugins/kindeditor/plugins/emoticons/images/0.gif\" border=\"0\" alt=\"\" /><span></span><img src=\"http://localhost:9101/plugins/kindeditor/plugins/emoticons/images/0.gif\" border=\"0\" alt=\"\" /><span></span><img src=\"http://localhost:9101/plugins/kindeditor/plugins/emoticons/images/0.gif\" border=\"0\" alt=\"\" /><span></span>','2019-12-20 00:00:00','107','[{\"img\":\"http://127.0.0.1:8100/upload/2019-12-19/1576758122107.jpg\",\"name\":\"于伟信\"}]','[{\"img\":\"http://127.0.0.1:8100/upload/2019-12-19/1576758205747.jpg\",\"name\":\"甄子丹\"},{\"img\":\"http://127.0.0.1:8100/upload/2019-12-19/1576758218690.jpg\",\"name\":\"吴建豪\"},{\"img\":\"http://127.0.0.1:8100/upload/2019-12-19/1576758239503.jpg\",\"name\":\"吴越\"}]','http://127.0.0.1:8100/upload/2019-12-19/1576758051914.jpg','[\"http://127.0.0.1:8100/upload/2019-12-19/1576758250829.jpg\",\"http://127.0.0.1:8100/upload/2019-12-19/1576758301838.jpg\",\"http://127.0.0.1:8100/upload/2019-12-19/1576758309083.jpg\",\"http://127.0.0.1:8100/upload/2019-12-19/1576758316687.jpg\"]','2D','中国',3,1,NULL),(39,'叶问4：完结篇','<span style=\"color:#333333;font-family:&quot;font-size:14px;background-color:#FFFFFF;\">因故来到美国唐人街的叶问，意外卷入一场当地军方势力与华人武馆的纠纷，面对日益猖狂的民族歧视与压迫，叶问挺身而出，在美国海军陆战队军营拼死一战，以正宗咏春，向世界证明了中国功夫。</span><span></span><img src=\"http://localhost:9101/plugins/kindeditor/plugins/emoticons/images/0.gif\" border=\"0\" alt=\"\" /><span></span><img src=\"http://localhost:9101/plugins/kindeditor/plugins/emoticons/images/0.gif\" border=\"0\" alt=\"\" /><span></span><img src=\"http://localhost:9101/plugins/kindeditor/plugins/emoticons/images/0.gif\" border=\"0\" alt=\"\" /><span></span><img src=\"http://localhost:9101/plugins/kindeditor/plugins/emoticons/images/0.gif\" border=\"0\" alt=\"\" /><span></span><img src=\"http://localhost:9101/plugins/kindeditor/plugins/emoticons/images/0.gif\" border=\"0\" alt=\"\" /><span></span><img src=\"http://localhost:9101/plugins/kindeditor/plugins/emoticons/images/0.gif\" border=\"0\" alt=\"\" /><span></span><img src=\"http://localhost:9101/plugins/kindeditor/plugins/emoticons/images/0.gif\" border=\"0\" alt=\"\" /><span></span><img src=\"http://localhost:9101/plugins/kindeditor/plugins/emoticons/images/0.gif\" border=\"0\" alt=\"\" /><span></span><img src=\"http://localhost:9101/plugins/kindeditor/plugins/emoticons/images/0.gif\" border=\"0\" alt=\"\" /><span></span><img src=\"http://localhost:9101/plugins/kindeditor/plugins/emoticons/images/0.gif\" border=\"0\" alt=\"\" /><span></span><img src=\"http://localhost:9101/plugins/kindeditor/plugins/emoticons/images/0.gif\" border=\"0\" alt=\"\" /><span></span>','2019-12-20 00:00:00','107','[{\"img\":\"http://127.0.0.1:8100/upload/2019-12-19/1576758122107.jpg\",\"name\":\"于伟信\"}]','[{\"img\":\"http://127.0.0.1:8100/upload/2019-12-19/1576758205747.jpg\",\"name\":\"甄子丹\"},{\"img\":\"http://127.0.0.1:8100/upload/2019-12-19/1576758218690.jpg\",\"name\":\"吴建豪\"},{\"img\":\"http://127.0.0.1:8100/upload/2019-12-19/1576758239503.jpg\",\"name\":\"吴越\"}]','http://127.0.0.1:8100/upload/2019-12-19/1576758051914.jpg','[\"http://127.0.0.1:8100/upload/2019-12-19/1576758250829.jpg\",\"http://127.0.0.1:8100/upload/2019-12-19/1576758301838.jpg\",\"http://127.0.0.1:8100/upload/2019-12-19/1576758309083.jpg\",\"http://127.0.0.1:8100/upload/2019-12-19/1576758316687.jpg\"]','2D','中国',3,1,NULL),(40,'叶问4：完结篇','<span style=\"color:#333333;font-family:&quot;font-size:14px;background-color:#FFFFFF;\">因故来到美国唐人街的叶问，意外卷入一场当地军方势力与华人武馆的纠纷，面对日益猖狂的民族歧视与压迫，叶问挺身而出，在美国海军陆战队军营拼死一战，以正宗咏春，向世界证明了中国功夫。</span><span></span><img src=\"http://localhost:9101/plugins/kindeditor/plugins/emoticons/images/0.gif\" border=\"0\" alt=\"\" /><span></span><img src=\"http://localhost:9101/plugins/kindeditor/plugins/emoticons/images/0.gif\" border=\"0\" alt=\"\" /><span></span><img src=\"http://localhost:9101/plugins/kindeditor/plugins/emoticons/images/0.gif\" border=\"0\" alt=\"\" /><span></span><img src=\"http://localhost:9101/plugins/kindeditor/plugins/emoticons/images/0.gif\" border=\"0\" alt=\"\" /><span></span><img src=\"http://localhost:9101/plugins/kindeditor/plugins/emoticons/images/0.gif\" border=\"0\" alt=\"\" /><span></span><img src=\"http://localhost:9101/plugins/kindeditor/plugins/emoticons/images/0.gif\" border=\"0\" alt=\"\" /><span></span><img src=\"http://localhost:9101/plugins/kindeditor/plugins/emoticons/images/0.gif\" border=\"0\" alt=\"\" /><span></span><img src=\"http://localhost:9101/plugins/kindeditor/plugins/emoticons/images/0.gif\" border=\"0\" alt=\"\" /><span></span><img src=\"http://localhost:9101/plugins/kindeditor/plugins/emoticons/images/0.gif\" border=\"0\" alt=\"\" /><span></span><img src=\"http://localhost:9101/plugins/kindeditor/plugins/emoticons/images/0.gif\" border=\"0\" alt=\"\" /><span></span><img src=\"http://localhost:9101/plugins/kindeditor/plugins/emoticons/images/0.gif\" border=\"0\" alt=\"\" /><span></span>','2019-12-20 00:00:00','107','[{\"img\":\"http://127.0.0.1:8100/upload/2019-12-19/1576758122107.jpg\",\"name\":\"于伟信\"}]','[{\"img\":\"http://127.0.0.1:8100/upload/2019-12-19/1576758205747.jpg\",\"name\":\"甄子丹\"},{\"img\":\"http://127.0.0.1:8100/upload/2019-12-19/1576758218690.jpg\",\"name\":\"吴建豪\"},{\"img\":\"http://127.0.0.1:8100/upload/2019-12-19/1576758239503.jpg\",\"name\":\"吴越\"}]','http://127.0.0.1:8100/upload/2019-12-19/1576758051914.jpg','[\"http://127.0.0.1:8100/upload/2019-12-19/1576758250829.jpg\",\"http://127.0.0.1:8100/upload/2019-12-19/1576758301838.jpg\",\"http://127.0.0.1:8100/upload/2019-12-19/1576758309083.jpg\",\"http://127.0.0.1:8100/upload/2019-12-19/1576758316687.jpg\"]','2D','中国',3,1,NULL),(41,'叶问4：完结篇','<span style=\"color:#333333;font-family:&quot;font-size:14px;background-color:#FFFFFF;\">因故来到美国唐人街的叶问，意外卷入一场当地军方势力与华人武馆的纠纷，面对日益猖狂的民族歧视与压迫，叶问挺身而出，在美国海军陆战队军营拼死一战，以正宗咏春，向世界证明了中国功夫。</span><span></span><img src=\"http://localhost:9101/plugins/kindeditor/plugins/emoticons/images/0.gif\" border=\"0\" alt=\"\" /><span></span><img src=\"http://localhost:9101/plugins/kindeditor/plugins/emoticons/images/0.gif\" border=\"0\" alt=\"\" /><span></span><img src=\"http://localhost:9101/plugins/kindeditor/plugins/emoticons/images/0.gif\" border=\"0\" alt=\"\" /><span></span><img src=\"http://localhost:9101/plugins/kindeditor/plugins/emoticons/images/0.gif\" border=\"0\" alt=\"\" /><span></span><img src=\"http://localhost:9101/plugins/kindeditor/plugins/emoticons/images/0.gif\" border=\"0\" alt=\"\" /><span></span><img src=\"http://localhost:9101/plugins/kindeditor/plugins/emoticons/images/0.gif\" border=\"0\" alt=\"\" /><span></span><img src=\"http://localhost:9101/plugins/kindeditor/plugins/emoticons/images/0.gif\" border=\"0\" alt=\"\" /><span></span><img src=\"http://localhost:9101/plugins/kindeditor/plugins/emoticons/images/0.gif\" border=\"0\" alt=\"\" /><span></span><img src=\"http://localhost:9101/plugins/kindeditor/plugins/emoticons/images/0.gif\" border=\"0\" alt=\"\" /><span></span><img src=\"http://localhost:9101/plugins/kindeditor/plugins/emoticons/images/0.gif\" border=\"0\" alt=\"\" /><span></span><img src=\"http://localhost:9101/plugins/kindeditor/plugins/emoticons/images/0.gif\" border=\"0\" alt=\"\" /><span></span>','2019-12-20 00:00:00','107','[{\"img\":\"http://127.0.0.1:8100/upload/2019-12-19/1576758122107.jpg\",\"name\":\"于伟信\"}]','[{\"img\":\"http://127.0.0.1:8100/upload/2019-12-19/1576758205747.jpg\",\"name\":\"甄子丹\"},{\"img\":\"http://127.0.0.1:8100/upload/2019-12-19/1576758218690.jpg\",\"name\":\"吴建豪\"},{\"img\":\"http://127.0.0.1:8100/upload/2019-12-19/1576758239503.jpg\",\"name\":\"吴越\"}]','http://127.0.0.1:8100/upload/2019-12-19/1576758051914.jpg','[\"http://127.0.0.1:8100/upload/2019-12-19/1576758250829.jpg\",\"http://127.0.0.1:8100/upload/2019-12-19/1576758301838.jpg\",\"http://127.0.0.1:8100/upload/2019-12-19/1576758309083.jpg\",\"http://127.0.0.1:8100/upload/2019-12-19/1576758316687.jpg\"]','2D','中国',3,1,NULL),(42,'叶问4：完结篇','<span style=\"color:#333333;font-family:&quot;font-size:14px;background-color:#FFFFFF;\">因故来到美国唐人街的叶问，意外卷入一场当地军方势力与华人武馆的纠纷，面对日益猖狂的民族歧视与压迫，叶问挺身而出，在美国海军陆战队军营拼死一战，以正宗咏春，向世界证明了中国功夫。</span><span></span><img src=\"http://localhost:9101/plugins/kindeditor/plugins/emoticons/images/0.gif\" border=\"0\" alt=\"\" /><span></span><img src=\"http://localhost:9101/plugins/kindeditor/plugins/emoticons/images/0.gif\" border=\"0\" alt=\"\" /><span></span><img src=\"http://localhost:9101/plugins/kindeditor/plugins/emoticons/images/0.gif\" border=\"0\" alt=\"\" /><span></span><img src=\"http://localhost:9101/plugins/kindeditor/plugins/emoticons/images/0.gif\" border=\"0\" alt=\"\" /><span></span><img src=\"http://localhost:9101/plugins/kindeditor/plugins/emoticons/images/0.gif\" border=\"0\" alt=\"\" /><span></span><img src=\"http://localhost:9101/plugins/kindeditor/plugins/emoticons/images/0.gif\" border=\"0\" alt=\"\" /><span></span><img src=\"http://localhost:9101/plugins/kindeditor/plugins/emoticons/images/0.gif\" border=\"0\" alt=\"\" /><span></span><img src=\"http://localhost:9101/plugins/kindeditor/plugins/emoticons/images/0.gif\" border=\"0\" alt=\"\" /><span></span><img src=\"http://localhost:9101/plugins/kindeditor/plugins/emoticons/images/0.gif\" border=\"0\" alt=\"\" /><span></span><img src=\"http://localhost:9101/plugins/kindeditor/plugins/emoticons/images/0.gif\" border=\"0\" alt=\"\" /><span></span><img src=\"http://localhost:9101/plugins/kindeditor/plugins/emoticons/images/0.gif\" border=\"0\" alt=\"\" /><span></span>','2019-12-20 00:00:00','107','[{\"img\":\"http://127.0.0.1:8100/upload/2019-12-19/1576758122107.jpg\",\"name\":\"于伟信\"}]','[{\"img\":\"http://127.0.0.1:8100/upload/2019-12-19/1576758205747.jpg\",\"name\":\"甄子丹\"},{\"img\":\"http://127.0.0.1:8100/upload/2019-12-19/1576758218690.jpg\",\"name\":\"吴建豪\"},{\"img\":\"http://127.0.0.1:8100/upload/2019-12-19/1576758239503.jpg\",\"name\":\"吴越\"}]','http://127.0.0.1:8100/upload/2019-12-19/1576758051914.jpg','[\"http://127.0.0.1:8100/upload/2019-12-19/1576758250829.jpg\",\"http://127.0.0.1:8100/upload/2019-12-19/1576758301838.jpg\",\"http://127.0.0.1:8100/upload/2019-12-19/1576758309083.jpg\",\"http://127.0.0.1:8100/upload/2019-12-19/1576758316687.jpg\"]','2D','中国',3,1,NULL),(43,'叶问4：完结篇','<span style=\"color:#333333;font-family:&quot;font-size:14px;background-color:#FFFFFF;\">因故来到美国唐人街的叶问，意外卷入一场当地军方势力与华人武馆的纠纷，面对日益猖狂的民族歧视与压迫，叶问挺身而出，在美国海军陆战队军营拼死一战，以正宗咏春，向世界证明了中国功夫。</span><span></span><img src=\"http://localhost:9101/plugins/kindeditor/plugins/emoticons/images/0.gif\" border=\"0\" alt=\"\" /><span></span><img src=\"http://localhost:9101/plugins/kindeditor/plugins/emoticons/images/0.gif\" border=\"0\" alt=\"\" /><span></span><img src=\"http://localhost:9101/plugins/kindeditor/plugins/emoticons/images/0.gif\" border=\"0\" alt=\"\" /><span></span><img src=\"http://localhost:9101/plugins/kindeditor/plugins/emoticons/images/0.gif\" border=\"0\" alt=\"\" /><span></span><img src=\"http://localhost:9101/plugins/kindeditor/plugins/emoticons/images/0.gif\" border=\"0\" alt=\"\" /><span></span><img src=\"http://localhost:9101/plugins/kindeditor/plugins/emoticons/images/0.gif\" border=\"0\" alt=\"\" /><span></span><img src=\"http://localhost:9101/plugins/kindeditor/plugins/emoticons/images/0.gif\" border=\"0\" alt=\"\" /><span></span><img src=\"http://localhost:9101/plugins/kindeditor/plugins/emoticons/images/0.gif\" border=\"0\" alt=\"\" /><span></span><img src=\"http://localhost:9101/plugins/kindeditor/plugins/emoticons/images/0.gif\" border=\"0\" alt=\"\" /><span></span><img src=\"http://localhost:9101/plugins/kindeditor/plugins/emoticons/images/0.gif\" border=\"0\" alt=\"\" /><span></span><img src=\"http://localhost:9101/plugins/kindeditor/plugins/emoticons/images/0.gif\" border=\"0\" alt=\"\" /><span></span>','2019-12-20 00:00:00','107','[{\"img\":\"http://127.0.0.1:8100/upload/2019-12-19/1576758122107.jpg\",\"name\":\"于伟信\"}]','[{\"img\":\"http://127.0.0.1:8100/upload/2019-12-19/1576758205747.jpg\",\"name\":\"甄子丹\"},{\"img\":\"http://127.0.0.1:8100/upload/2019-12-19/1576758218690.jpg\",\"name\":\"吴建豪\"},{\"img\":\"http://127.0.0.1:8100/upload/2019-12-19/1576758239503.jpg\",\"name\":\"吴越\"}]','http://127.0.0.1:8100/upload/2019-12-19/1576758051914.jpg','[\"http://127.0.0.1:8100/upload/2019-12-19/1576758250829.jpg\",\"http://127.0.0.1:8100/upload/2019-12-19/1576758301838.jpg\",\"http://127.0.0.1:8100/upload/2019-12-19/1576758309083.jpg\",\"http://127.0.0.1:8100/upload/2019-12-19/1576758316687.jpg\"]','2D','中国',3,1,NULL),(44,'叶问4：完结篇','<span style=\"color:#333333;font-family:&quot;font-size:14px;background-color:#FFFFFF;\">因故来到美国唐人街的叶问，意外卷入一场当地军方势力与华人武馆的纠纷，面对日益猖狂的民族歧视与压迫，叶问挺身而出，在美国海军陆战队军营拼死一战，以正宗咏春，向世界证明了中国功夫。</span><span></span><img src=\"http://localhost:9101/plugins/kindeditor/plugins/emoticons/images/0.gif\" border=\"0\" alt=\"\" /><span></span><img src=\"http://localhost:9101/plugins/kindeditor/plugins/emoticons/images/0.gif\" border=\"0\" alt=\"\" /><span></span><img src=\"http://localhost:9101/plugins/kindeditor/plugins/emoticons/images/0.gif\" border=\"0\" alt=\"\" /><span></span><img src=\"http://localhost:9101/plugins/kindeditor/plugins/emoticons/images/0.gif\" border=\"0\" alt=\"\" /><span></span><img src=\"http://localhost:9101/plugins/kindeditor/plugins/emoticons/images/0.gif\" border=\"0\" alt=\"\" /><span></span><img src=\"http://localhost:9101/plugins/kindeditor/plugins/emoticons/images/0.gif\" border=\"0\" alt=\"\" /><span></span><img src=\"http://localhost:9101/plugins/kindeditor/plugins/emoticons/images/0.gif\" border=\"0\" alt=\"\" /><span></span><img src=\"http://localhost:9101/plugins/kindeditor/plugins/emoticons/images/0.gif\" border=\"0\" alt=\"\" /><span></span><img src=\"http://localhost:9101/plugins/kindeditor/plugins/emoticons/images/0.gif\" border=\"0\" alt=\"\" /><span></span><img src=\"http://localhost:9101/plugins/kindeditor/plugins/emoticons/images/0.gif\" border=\"0\" alt=\"\" /><span></span><img src=\"http://localhost:9101/plugins/kindeditor/plugins/emoticons/images/0.gif\" border=\"0\" alt=\"\" /><span></span>','2019-12-20 00:00:00','107','[{\"img\":\"http://127.0.0.1:8100/upload/2019-12-19/1576758122107.jpg\",\"name\":\"于伟信\"}]','[{\"img\":\"http://127.0.0.1:8100/upload/2019-12-19/1576758205747.jpg\",\"name\":\"甄子丹\"},{\"img\":\"http://127.0.0.1:8100/upload/2019-12-19/1576758218690.jpg\",\"name\":\"吴建豪\"},{\"img\":\"http://127.0.0.1:8100/upload/2019-12-19/1576758239503.jpg\",\"name\":\"吴越\"}]','http://127.0.0.1:8100/upload/2019-12-19/1576758051914.jpg','[\"http://127.0.0.1:8100/upload/2019-12-19/1576758250829.jpg\",\"http://127.0.0.1:8100/upload/2019-12-19/1576758301838.jpg\",\"http://127.0.0.1:8100/upload/2019-12-19/1576758309083.jpg\",\"http://127.0.0.1:8100/upload/2019-12-19/1576758316687.jpg\"]','2D','中国',3,1,NULL),(45,'叶问4：完结篇','<span style=\"color:#333333;font-family:&quot;font-size:14px;background-color:#FFFFFF;\">因故来到美国唐人街的叶问，意外卷入一场当地军方势力与华人武馆的纠纷，面对日益猖狂的民族歧视与压迫，叶问挺身而出，在美国海军陆战队军营拼死一战，以正宗咏春，向世界证明了中国功夫。</span><span></span><img src=\"http://localhost:9101/plugins/kindeditor/plugins/emoticons/images/0.gif\" border=\"0\" alt=\"\" /><span></span><img src=\"http://localhost:9101/plugins/kindeditor/plugins/emoticons/images/0.gif\" border=\"0\" alt=\"\" /><span></span><img src=\"http://localhost:9101/plugins/kindeditor/plugins/emoticons/images/0.gif\" border=\"0\" alt=\"\" /><span></span><img src=\"http://localhost:9101/plugins/kindeditor/plugins/emoticons/images/0.gif\" border=\"0\" alt=\"\" /><span></span><img src=\"http://localhost:9101/plugins/kindeditor/plugins/emoticons/images/0.gif\" border=\"0\" alt=\"\" /><span></span><img src=\"http://localhost:9101/plugins/kindeditor/plugins/emoticons/images/0.gif\" border=\"0\" alt=\"\" /><span></span><img src=\"http://localhost:9101/plugins/kindeditor/plugins/emoticons/images/0.gif\" border=\"0\" alt=\"\" /><span></span><img src=\"http://localhost:9101/plugins/kindeditor/plugins/emoticons/images/0.gif\" border=\"0\" alt=\"\" /><span></span><img src=\"http://localhost:9101/plugins/kindeditor/plugins/emoticons/images/0.gif\" border=\"0\" alt=\"\" /><span></span><img src=\"http://localhost:9101/plugins/kindeditor/plugins/emoticons/images/0.gif\" border=\"0\" alt=\"\" /><span></span><img src=\"http://localhost:9101/plugins/kindeditor/plugins/emoticons/images/0.gif\" border=\"0\" alt=\"\" /><span></span>','2019-12-20 00:00:00','107','[{\"img\":\"http://127.0.0.1:8100/upload/2019-12-19/1576758122107.jpg\",\"name\":\"于伟信\"}]','[{\"img\":\"http://127.0.0.1:8100/upload/2019-12-19/1576758205747.jpg\",\"name\":\"甄子丹\"},{\"img\":\"http://127.0.0.1:8100/upload/2019-12-19/1576758218690.jpg\",\"name\":\"吴建豪\"},{\"img\":\"http://127.0.0.1:8100/upload/2019-12-19/1576758239503.jpg\",\"name\":\"吴越\"}]','http://127.0.0.1:8100/upload/2019-12-19/1576758051914.jpg','[\"http://127.0.0.1:8100/upload/2019-12-19/1576758250829.jpg\",\"http://127.0.0.1:8100/upload/2019-12-19/1576758301838.jpg\",\"http://127.0.0.1:8100/upload/2019-12-19/1576758309083.jpg\",\"http://127.0.0.1:8100/upload/2019-12-19/1576758316687.jpg\"]','2D','中国',3,1,NULL),(46,'叶问4：完结篇','<span style=\"color:#333333;font-family:&quot;font-size:14px;background-color:#FFFFFF;\">因故来到美国唐人街的叶问，意外卷入一场当地军方势力与华人武馆的纠纷，面对日益猖狂的民族歧视与压迫，叶问挺身而出，在美国海军陆战队军营拼死一战，以正宗咏春，向世界证明了中国功夫。</span><span></span><img src=\"http://localhost:9101/plugins/kindeditor/plugins/emoticons/images/0.gif\" border=\"0\" alt=\"\" /><span></span><img src=\"http://localhost:9101/plugins/kindeditor/plugins/emoticons/images/0.gif\" border=\"0\" alt=\"\" /><span></span><img src=\"http://localhost:9101/plugins/kindeditor/plugins/emoticons/images/0.gif\" border=\"0\" alt=\"\" /><span></span><img src=\"http://localhost:9101/plugins/kindeditor/plugins/emoticons/images/0.gif\" border=\"0\" alt=\"\" /><span></span><img src=\"http://localhost:9101/plugins/kindeditor/plugins/emoticons/images/0.gif\" border=\"0\" alt=\"\" /><span></span><img src=\"http://localhost:9101/plugins/kindeditor/plugins/emoticons/images/0.gif\" border=\"0\" alt=\"\" /><span></span><img src=\"http://localhost:9101/plugins/kindeditor/plugins/emoticons/images/0.gif\" border=\"0\" alt=\"\" /><span></span><img src=\"http://localhost:9101/plugins/kindeditor/plugins/emoticons/images/0.gif\" border=\"0\" alt=\"\" /><span></span><img src=\"http://localhost:9101/plugins/kindeditor/plugins/emoticons/images/0.gif\" border=\"0\" alt=\"\" /><span></span><img src=\"http://localhost:9101/plugins/kindeditor/plugins/emoticons/images/0.gif\" border=\"0\" alt=\"\" /><span></span><img src=\"http://localhost:9101/plugins/kindeditor/plugins/emoticons/images/0.gif\" border=\"0\" alt=\"\" /><span></span>','2019-12-20 00:00:00','107','[{\"img\":\"http://127.0.0.1:8100/upload/2019-12-19/1576758122107.jpg\",\"name\":\"于伟信\"}]','[{\"img\":\"http://127.0.0.1:8100/upload/2019-12-19/1576758205747.jpg\",\"name\":\"甄子丹\"},{\"img\":\"http://127.0.0.1:8100/upload/2019-12-19/1576758218690.jpg\",\"name\":\"吴建豪\"},{\"img\":\"http://127.0.0.1:8100/upload/2019-12-19/1576758239503.jpg\",\"name\":\"吴越\"}]','http://127.0.0.1:8100/upload/2019-12-19/1576758051914.jpg','[\"http://127.0.0.1:8100/upload/2019-12-19/1576758250829.jpg\",\"http://127.0.0.1:8100/upload/2019-12-19/1576758301838.jpg\",\"http://127.0.0.1:8100/upload/2019-12-19/1576758309083.jpg\",\"http://127.0.0.1:8100/upload/2019-12-19/1576758316687.jpg\"]','2D','中国',3,1,NULL),(47,'叶问4：完结篇','<span style=\"color:#333333;font-family:&quot;font-size:14px;background-color:#FFFFFF;\">因故来到美国唐人街的叶问，意外卷入一场当地军方势力与华人武馆的纠纷，面对日益猖狂的民族歧视与压迫，叶问挺身而出，在美国海军陆战队军营拼死一战，以正宗咏春，向世界证明了中国功夫。</span><span></span><img src=\"http://localhost:9101/plugins/kindeditor/plugins/emoticons/images/0.gif\" border=\"0\" alt=\"\" /><span></span><img src=\"http://localhost:9101/plugins/kindeditor/plugins/emoticons/images/0.gif\" border=\"0\" alt=\"\" /><span></span><img src=\"http://localhost:9101/plugins/kindeditor/plugins/emoticons/images/0.gif\" border=\"0\" alt=\"\" /><span></span><img src=\"http://localhost:9101/plugins/kindeditor/plugins/emoticons/images/0.gif\" border=\"0\" alt=\"\" /><span></span><img src=\"http://localhost:9101/plugins/kindeditor/plugins/emoticons/images/0.gif\" border=\"0\" alt=\"\" /><span></span><img src=\"http://localhost:9101/plugins/kindeditor/plugins/emoticons/images/0.gif\" border=\"0\" alt=\"\" /><span></span><img src=\"http://localhost:9101/plugins/kindeditor/plugins/emoticons/images/0.gif\" border=\"0\" alt=\"\" /><span></span><img src=\"http://localhost:9101/plugins/kindeditor/plugins/emoticons/images/0.gif\" border=\"0\" alt=\"\" /><span></span><img src=\"http://localhost:9101/plugins/kindeditor/plugins/emoticons/images/0.gif\" border=\"0\" alt=\"\" /><span></span><img src=\"http://localhost:9101/plugins/kindeditor/plugins/emoticons/images/0.gif\" border=\"0\" alt=\"\" /><span></span><img src=\"http://localhost:9101/plugins/kindeditor/plugins/emoticons/images/0.gif\" border=\"0\" alt=\"\" /><span></span>','2019-12-20 00:00:00','107','[{\"img\":\"http://127.0.0.1:8100/upload/2019-12-19/1576758122107.jpg\",\"name\":\"于伟信\"}]','[{\"img\":\"http://127.0.0.1:8100/upload/2019-12-19/1576758205747.jpg\",\"name\":\"甄子丹\"},{\"img\":\"http://127.0.0.1:8100/upload/2019-12-19/1576758218690.jpg\",\"name\":\"吴建豪\"},{\"img\":\"http://127.0.0.1:8100/upload/2019-12-19/1576758239503.jpg\",\"name\":\"吴越\"}]','http://127.0.0.1:8100/upload/2019-12-19/1576758051914.jpg','[\"http://127.0.0.1:8100/upload/2019-12-19/1576758250829.jpg\",\"http://127.0.0.1:8100/upload/2019-12-19/1576758301838.jpg\",\"http://127.0.0.1:8100/upload/2019-12-19/1576758309083.jpg\",\"http://127.0.0.1:8100/upload/2019-12-19/1576758316687.jpg\"]','2D','中国',3,1,NULL),(48,'叶问4：完结篇','<span style=\"color:#333333;font-family:&quot;font-size:14px;background-color:#FFFFFF;\">因故来到美国唐人街的叶问，意外卷入一场当地军方势力与华人武馆的纠纷，面对日益猖狂的民族歧视与压迫，叶问挺身而出，在美国海军陆战队军营拼死一战，以正宗咏春，向世界证明了中国功夫。</span><span></span><img src=\"http://localhost:9101/plugins/kindeditor/plugins/emoticons/images/0.gif\" border=\"0\" alt=\"\" /><span></span><img src=\"http://localhost:9101/plugins/kindeditor/plugins/emoticons/images/0.gif\" border=\"0\" alt=\"\" /><span></span><img src=\"http://localhost:9101/plugins/kindeditor/plugins/emoticons/images/0.gif\" border=\"0\" alt=\"\" /><span></span><img src=\"http://localhost:9101/plugins/kindeditor/plugins/emoticons/images/0.gif\" border=\"0\" alt=\"\" /><span></span><img src=\"http://localhost:9101/plugins/kindeditor/plugins/emoticons/images/0.gif\" border=\"0\" alt=\"\" /><span></span><img src=\"http://localhost:9101/plugins/kindeditor/plugins/emoticons/images/0.gif\" border=\"0\" alt=\"\" /><span></span><img src=\"http://localhost:9101/plugins/kindeditor/plugins/emoticons/images/0.gif\" border=\"0\" alt=\"\" /><span></span><img src=\"http://localhost:9101/plugins/kindeditor/plugins/emoticons/images/0.gif\" border=\"0\" alt=\"\" /><span></span><img src=\"http://localhost:9101/plugins/kindeditor/plugins/emoticons/images/0.gif\" border=\"0\" alt=\"\" /><span></span><img src=\"http://localhost:9101/plugins/kindeditor/plugins/emoticons/images/0.gif\" border=\"0\" alt=\"\" /><span></span><img src=\"http://localhost:9101/plugins/kindeditor/plugins/emoticons/images/0.gif\" border=\"0\" alt=\"\" /><span></span>','2019-12-20 00:00:00','107','[{\"img\":\"http://127.0.0.1:8100/upload/2019-12-19/1576758122107.jpg\",\"name\":\"于伟信\"}]','[{\"img\":\"http://127.0.0.1:8100/upload/2019-12-19/1576758205747.jpg\",\"name\":\"甄子丹\"},{\"img\":\"http://127.0.0.1:8100/upload/2019-12-19/1576758218690.jpg\",\"name\":\"吴建豪\"},{\"img\":\"http://127.0.0.1:8100/upload/2019-12-19/1576758239503.jpg\",\"name\":\"吴越\"}]','http://127.0.0.1:8100/upload/2019-12-19/1576758051914.jpg','[\"http://127.0.0.1:8100/upload/2019-12-19/1576758250829.jpg\",\"http://127.0.0.1:8100/upload/2019-12-19/1576758301838.jpg\",\"http://127.0.0.1:8100/upload/2019-12-19/1576758309083.jpg\",\"http://127.0.0.1:8100/upload/2019-12-19/1576758316687.jpg\"]','2D','中国',3,1,NULL),(49,'叶问4：完结篇','<span style=\"color:#333333;font-family:&quot;font-size:14px;background-color:#FFFFFF;\">因故来到美国唐人街的叶问，意外卷入一场当地军方势力与华人武馆的纠纷，面对日益猖狂的民族歧视与压迫，叶问挺身而出，在美国海军陆战队军营拼死一战，以正宗咏春，向世界证明了中国功夫。</span><span></span><img src=\"http://localhost:9101/plugins/kindeditor/plugins/emoticons/images/0.gif\" border=\"0\" alt=\"\" /><span></span><img src=\"http://localhost:9101/plugins/kindeditor/plugins/emoticons/images/0.gif\" border=\"0\" alt=\"\" /><span></span><img src=\"http://localhost:9101/plugins/kindeditor/plugins/emoticons/images/0.gif\" border=\"0\" alt=\"\" /><span></span><img src=\"http://localhost:9101/plugins/kindeditor/plugins/emoticons/images/0.gif\" border=\"0\" alt=\"\" /><span></span><img src=\"http://localhost:9101/plugins/kindeditor/plugins/emoticons/images/0.gif\" border=\"0\" alt=\"\" /><span></span><img src=\"http://localhost:9101/plugins/kindeditor/plugins/emoticons/images/0.gif\" border=\"0\" alt=\"\" /><span></span><img src=\"http://localhost:9101/plugins/kindeditor/plugins/emoticons/images/0.gif\" border=\"0\" alt=\"\" /><span></span><img src=\"http://localhost:9101/plugins/kindeditor/plugins/emoticons/images/0.gif\" border=\"0\" alt=\"\" /><span></span><img src=\"http://localhost:9101/plugins/kindeditor/plugins/emoticons/images/0.gif\" border=\"0\" alt=\"\" /><span></span><img src=\"http://localhost:9101/plugins/kindeditor/plugins/emoticons/images/0.gif\" border=\"0\" alt=\"\" /><span></span><img src=\"http://localhost:9101/plugins/kindeditor/plugins/emoticons/images/0.gif\" border=\"0\" alt=\"\" /><span></span>','2019-12-20 00:00:00','107','[{\"img\":\"http://127.0.0.1:8100/upload/2019-12-19/1576758122107.jpg\",\"name\":\"于伟信\"}]','[{\"img\":\"http://127.0.0.1:8100/upload/2019-12-19/1576758205747.jpg\",\"name\":\"甄子丹\"},{\"img\":\"http://127.0.0.1:8100/upload/2019-12-19/1576758218690.jpg\",\"name\":\"吴建豪\"},{\"img\":\"http://127.0.0.1:8100/upload/2019-12-19/1576758239503.jpg\",\"name\":\"吴越\"}]','http://127.0.0.1:8100/upload/2019-12-19/1576758051914.jpg','[\"http://127.0.0.1:8100/upload/2019-12-19/1576758250829.jpg\",\"http://127.0.0.1:8100/upload/2019-12-19/1576758301838.jpg\",\"http://127.0.0.1:8100/upload/2019-12-19/1576758309083.jpg\",\"http://127.0.0.1:8100/upload/2019-12-19/1576758316687.jpg\"]','2D','中国',3,1,NULL),(50,'叶问4：完结篇','<span style=\"color:#333333;font-family:&quot;font-size:14px;background-color:#FFFFFF;\">因故来到美国唐人街的叶问，意外卷入一场当地军方势力与华人武馆的纠纷，面对日益猖狂的民族歧视与压迫，叶问挺身而出，在美国海军陆战队军营拼死一战，以正宗咏春，向世界证明了中国功夫。</span><span></span><img src=\"http://localhost:9101/plugins/kindeditor/plugins/emoticons/images/0.gif\" border=\"0\" alt=\"\" /><span></span><img src=\"http://localhost:9101/plugins/kindeditor/plugins/emoticons/images/0.gif\" border=\"0\" alt=\"\" /><span></span><img src=\"http://localhost:9101/plugins/kindeditor/plugins/emoticons/images/0.gif\" border=\"0\" alt=\"\" /><span></span><img src=\"http://localhost:9101/plugins/kindeditor/plugins/emoticons/images/0.gif\" border=\"0\" alt=\"\" /><span></span><img src=\"http://localhost:9101/plugins/kindeditor/plugins/emoticons/images/0.gif\" border=\"0\" alt=\"\" /><span></span><img src=\"http://localhost:9101/plugins/kindeditor/plugins/emoticons/images/0.gif\" border=\"0\" alt=\"\" /><span></span><img src=\"http://localhost:9101/plugins/kindeditor/plugins/emoticons/images/0.gif\" border=\"0\" alt=\"\" /><span></span><img src=\"http://localhost:9101/plugins/kindeditor/plugins/emoticons/images/0.gif\" border=\"0\" alt=\"\" /><span></span><img src=\"http://localhost:9101/plugins/kindeditor/plugins/emoticons/images/0.gif\" border=\"0\" alt=\"\" /><span></span><img src=\"http://localhost:9101/plugins/kindeditor/plugins/emoticons/images/0.gif\" border=\"0\" alt=\"\" /><span></span><img src=\"http://localhost:9101/plugins/kindeditor/plugins/emoticons/images/0.gif\" border=\"0\" alt=\"\" /><span></span>','2019-12-20 00:00:00','107','[{\"img\":\"http://127.0.0.1:8100/upload/2019-12-19/1576758122107.jpg\",\"name\":\"于伟信\"}]','[{\"img\":\"http://127.0.0.1:8100/upload/2019-12-19/1576758205747.jpg\",\"name\":\"甄子丹\"},{\"img\":\"http://127.0.0.1:8100/upload/2019-12-19/1576758218690.jpg\",\"name\":\"吴建豪\"},{\"img\":\"http://127.0.0.1:8100/upload/2019-12-19/1576758239503.jpg\",\"name\":\"吴越\"}]','http://127.0.0.1:8100/upload/2019-12-19/1576758051914.jpg','[\"http://127.0.0.1:8100/upload/2019-12-19/1576758250829.jpg\",\"http://127.0.0.1:8100/upload/2019-12-19/1576758301838.jpg\",\"http://127.0.0.1:8100/upload/2019-12-19/1576758309083.jpg\",\"http://127.0.0.1:8100/upload/2019-12-19/1576758316687.jpg\"]','2D','中国',3,1,NULL),(51,'叶问4：完结篇','<span style=\"color:#333333;font-family:&quot;font-size:14px;background-color:#FFFFFF;\">因故来到美国唐人街的叶问，意外卷入一场当地军方势力与华人武馆的纠纷，面对日益猖狂的民族歧视与压迫，叶问挺身而出，在美国海军陆战队军营拼死一战，以正宗咏春，向世界证明了中国功夫。</span><span></span><img src=\"http://localhost:9101/plugins/kindeditor/plugins/emoticons/images/0.gif\" border=\"0\" alt=\"\" /><span></span><img src=\"http://localhost:9101/plugins/kindeditor/plugins/emoticons/images/0.gif\" border=\"0\" alt=\"\" /><span></span><img src=\"http://localhost:9101/plugins/kindeditor/plugins/emoticons/images/0.gif\" border=\"0\" alt=\"\" /><span></span><img src=\"http://localhost:9101/plugins/kindeditor/plugins/emoticons/images/0.gif\" border=\"0\" alt=\"\" /><span></span><img src=\"http://localhost:9101/plugins/kindeditor/plugins/emoticons/images/0.gif\" border=\"0\" alt=\"\" /><span></span><img src=\"http://localhost:9101/plugins/kindeditor/plugins/emoticons/images/0.gif\" border=\"0\" alt=\"\" /><span></span><img src=\"http://localhost:9101/plugins/kindeditor/plugins/emoticons/images/0.gif\" border=\"0\" alt=\"\" /><span></span><img src=\"http://localhost:9101/plugins/kindeditor/plugins/emoticons/images/0.gif\" border=\"0\" alt=\"\" /><span></span><img src=\"http://localhost:9101/plugins/kindeditor/plugins/emoticons/images/0.gif\" border=\"0\" alt=\"\" /><span></span><img src=\"http://localhost:9101/plugins/kindeditor/plugins/emoticons/images/0.gif\" border=\"0\" alt=\"\" /><span></span><img src=\"http://localhost:9101/plugins/kindeditor/plugins/emoticons/images/0.gif\" border=\"0\" alt=\"\" /><span></span>','2019-12-20 00:00:00','107','[{\"img\":\"http://127.0.0.1:8100/upload/2019-12-19/1576758122107.jpg\",\"name\":\"于伟信\"}]','[{\"img\":\"http://127.0.0.1:8100/upload/2019-12-19/1576758205747.jpg\",\"name\":\"甄子丹\"},{\"img\":\"http://127.0.0.1:8100/upload/2019-12-19/1576758218690.jpg\",\"name\":\"吴建豪\"},{\"img\":\"http://127.0.0.1:8100/upload/2019-12-19/1576758239503.jpg\",\"name\":\"吴越\"}]','http://127.0.0.1:8100/upload/2019-12-19/1576758051914.jpg','[\"http://127.0.0.1:8100/upload/2019-12-19/1576758250829.jpg\",\"http://127.0.0.1:8100/upload/2019-12-19/1576758301838.jpg\",\"http://127.0.0.1:8100/upload/2019-12-19/1576758309083.jpg\",\"http://127.0.0.1:8100/upload/2019-12-19/1576758316687.jpg\"]','2D','中国',3,1,NULL),(52,'叶问4：完结篇','<span style=\"color:#333333;font-family:&quot;font-size:14px;background-color:#FFFFFF;\">因故来到美国唐人街的叶问，意外卷入一场当地军方势力与华人武馆的纠纷，面对日益猖狂的民族歧视与压迫，叶问挺身而出，在美国海军陆战队军营拼死一战，以正宗咏春，向世界证明了中国功夫。</span><span></span><img src=\"http://localhost:9101/plugins/kindeditor/plugins/emoticons/images/0.gif\" border=\"0\" alt=\"\" /><span></span><img src=\"http://localhost:9101/plugins/kindeditor/plugins/emoticons/images/0.gif\" border=\"0\" alt=\"\" /><span></span><img src=\"http://localhost:9101/plugins/kindeditor/plugins/emoticons/images/0.gif\" border=\"0\" alt=\"\" /><span></span><img src=\"http://localhost:9101/plugins/kindeditor/plugins/emoticons/images/0.gif\" border=\"0\" alt=\"\" /><span></span><img src=\"http://localhost:9101/plugins/kindeditor/plugins/emoticons/images/0.gif\" border=\"0\" alt=\"\" /><span></span><img src=\"http://localhost:9101/plugins/kindeditor/plugins/emoticons/images/0.gif\" border=\"0\" alt=\"\" /><span></span><img src=\"http://localhost:9101/plugins/kindeditor/plugins/emoticons/images/0.gif\" border=\"0\" alt=\"\" /><span></span><img src=\"http://localhost:9101/plugins/kindeditor/plugins/emoticons/images/0.gif\" border=\"0\" alt=\"\" /><span></span><img src=\"http://localhost:9101/plugins/kindeditor/plugins/emoticons/images/0.gif\" border=\"0\" alt=\"\" /><span></span><img src=\"http://localhost:9101/plugins/kindeditor/plugins/emoticons/images/0.gif\" border=\"0\" alt=\"\" /><span></span><img src=\"http://localhost:9101/plugins/kindeditor/plugins/emoticons/images/0.gif\" border=\"0\" alt=\"\" /><span></span>','2019-12-20 00:00:00','107','[{\"img\":\"http://127.0.0.1:8100/upload/2019-12-19/1576758122107.jpg\",\"name\":\"于伟信\"}]','[{\"img\":\"http://127.0.0.1:8100/upload/2019-12-19/1576758205747.jpg\",\"name\":\"甄子丹\"},{\"img\":\"http://127.0.0.1:8100/upload/2019-12-19/1576758218690.jpg\",\"name\":\"吴建豪\"},{\"img\":\"http://127.0.0.1:8100/upload/2019-12-19/1576758239503.jpg\",\"name\":\"吴越\"}]','http://127.0.0.1:8100/upload/2019-12-19/1576758051914.jpg','[\"http://127.0.0.1:8100/upload/2019-12-19/1576758250829.jpg\",\"http://127.0.0.1:8100/upload/2019-12-19/1576758301838.jpg\",\"http://127.0.0.1:8100/upload/2019-12-19/1576758309083.jpg\",\"http://127.0.0.1:8100/upload/2019-12-19/1576758316687.jpg\"]','2D','中国',3,1,NULL);

/*Table structure for table `tb_orders` */

DROP TABLE IF EXISTS `tb_orders`;

CREATE TABLE `tb_orders` (
  `order_id` varchar(200) NOT NULL COMMENT '订单号',
  `total_price` decimal(10,0) DEFAULT NULL COMMENT '总价',
  `client_id` bigint(20) DEFAULT NULL COMMENT '卖家ID',
  `create_time` timestamp NULL DEFAULT NULL COMMENT '创建时间',
  `pay_time` timestamp NULL DEFAULT NULL COMMENT '支付时间',
  `cinema_id` varchar(222) DEFAULT NULL COMMENT '电影院Id',
  `status` bigint(20) DEFAULT '0' COMMENT '0:未支付 1已经支付2订单完成3已经退款',
  `spare` varchar(3000) DEFAULT NULL COMMENT '备选字段',
  PRIMARY KEY (`order_id`)
) ENGINE=InnoDB DEFAULT CHARSET=utf8;

/*Data for the table `tb_orders` */

/*Table structure for table `tb_payment_bill` */

DROP TABLE IF EXISTS `tb_payment_bill`;

CREATE TABLE `tb_payment_bill` (
  `order_id` varchar(200) NOT NULL COMMENT '订单号',
  `total_price` decimal(10,0) DEFAULT NULL COMMENT '总价',
  `pay_type` bigint(55) DEFAULT NULL COMMENT '支付类型 1:支付宝 2:账户余额',
  `bill_type` bigint(55) DEFAULT NULL COMMENT '订单用途 1:购票 2:账户充值',
  `client_id` bigint(55) DEFAULT NULL COMMENT '客户ID',
  `payer` varchar(400) DEFAULT NULL COMMENT '支付人',
  `pay_time` timestamp NOT NULL DEFAULT CURRENT_TIMESTAMP ON UPDATE CURRENT_TIMESTAMP COMMENT '支付时间',
  `spare` varchar(400) DEFAULT NULL COMMENT '备用',
  PRIMARY KEY (`order_id`)
) ENGINE=InnoDB DEFAULT CHARSET=utf8;

/*Data for the table `tb_payment_bill` */

/*Table structure for table `tb_sellers` */

DROP TABLE IF EXISTS `tb_sellers`;

CREATE TABLE `tb_sellers` (
  `username` varchar(50) NOT NULL COMMENT '卖家账号',
  `password` varchar(200) DEFAULT NULL COMMENT '密码',
  `cinema_id` bigint(20) DEFAULT NULL COMMENT '影院id',
  `status` bigint(20) DEFAULT '1' COMMENT '状态',
  `spare` varchar(3000) DEFAULT NULL COMMENT '备用字段',
  PRIMARY KEY (`username`)
) ENGINE=InnoDB DEFAULT CHARSET=utf8;

/*Data for the table `tb_sellers` */

insert  into `tb_sellers`(`username`,`password`,`cinema_id`,`status`,`spare`) values ('1_ZFG1MU','$2a$10$/FIkQ/QgzVPbXd9Hd1don..xLxiQGyD.lIKRs9NIqGwDq3ZDGS2pK',1,1,NULL);

/*Table structure for table `tb_showings` */

DROP TABLE IF EXISTS `tb_showings`;

CREATE TABLE `tb_showings` (
  `show_id` bigint(44) NOT NULL AUTO_INCREMENT COMMENT '放映ID',
  `cinema_id` bigint(44) DEFAULT NULL COMMENT '电影ID',
  `hall_id` bigint(55) DEFAULT NULL COMMENT '影厅ID',
  `hall_name` varchar(111) DEFAULT NULL COMMENT '影厅名称',
  `mov_id` bigint(55) DEFAULT NULL COMMENT '电影ID',
  `mov_name` varchar(255) DEFAULT NULL COMMENT '电影名',
  `seat` varchar(8000) DEFAULT NULL COMMENT '座位表',
  `price` decimal(10,0) DEFAULT NULL COMMENT '票价',
  `play_time` timestamp NULL DEFAULT NULL COMMENT '放映时间',
  `end_time` timestamp NULL DEFAULT NULL COMMENT '结束时间',
  `spare` varchar(400) DEFAULT NULL COMMENT '备选字段',
  PRIMARY KEY (`show_id`)
) ENGINE=InnoDB AUTO_INCREMENT=12 DEFAULT CHARSET=utf8;

/*Data for the table `tb_showings` */

insert  into `tb_showings`(`show_id`,`cinema_id`,`hall_id`,`hall_name`,`mov_id`,`mov_name`,`seat`,`price`,`play_time`,`end_time`,`spare`) values (9,1,2,'激光厅1',2,'中国机长','{\"column\":\"5\",\"row\":\"3\",\"seats\":[{\"x\":\"1\",\"y\":\"1\",\"id\":\"1\",\"status\":0},{\"x\":\"1\",\"y\":\"2\",\"id\":\"2\",\"status\":\"1\"},{\"x\":\"1\",\"y\":\"3\",\"id\":\"3\",\"status\":1},{\"x\":\"1\",\"y\":\"4\",\"id\":\"4\",\"status\":\"1\"},{\"x\":\"1\",\"y\":\"5\",\"id\":\"5\",\"status\":\"0\"},{\"x\":\"2\",\"y\":\"1\",\"id\":\"6\",\"status\":\"1\"},{\"x\":\"2\",\"y\":\"2\",\"id\":\"7\",\"status\":1},{\"x\":\"2\",\"y\":\"3\",\"id\":\"8\",\"status\":1},{\"x\":\"2\",\"y\":\"4\",\"id\":\"9\",\"status\":\"1\"},{\"x\":\"2\",\"y\":\"5\",\"id\":\"10\",\"status\":1},{\"x\":\"3\",\"y\":\"1\",\"id\":\"11\",\"status\":0},{\"x\":\"3\",\"y\":\"2\",\"id\":\"12\",\"status\":\"1\"},{\"x\":\"3\",\"y\":\"3\",\"id\":\"13\",\"status\":1},{\"x\":\"3\",\"y\":\"4\",\"id\":\"14\",\"status\":\"1\"},{\"x\":\"3\",\"y\":\"5\",\"id\":\"15\",\"status\":0}]}','22','2019-12-28 19:21:05','2019-12-28 21:12:05',NULL),(10,1,7,'2',1,'我和我的祖国','{\"column\":\"4\",\"row\":\"2\",\"seats\":[{\"x\":1,\"y\":1,\"id\":1,\"status\":1},{\"x\":1,\"y\":2,\"id\":2,\"status\":1},{\"x\":1,\"y\":3,\"id\":3,\"status\":1},{\"x\":1,\"y\":4,\"id\":4,\"status\":1},{\"x\":2,\"y\":1,\"id\":5,\"status\":1},{\"x\":2,\"y\":2,\"id\":6,\"status\":1},{\"x\":2,\"y\":3,\"id\":7,\"status\":1},{\"x\":2,\"y\":4,\"id\":8,\"status\":1}]}','33','2019-12-28 19:21:05','2019-12-28 21:56:05',NULL),(11,1,8,'5号厅',3,'冰雪奇缘2','{\"column\":\"6\",\"row\":\"5\",\"seats\":[{\"x\":1,\"y\":1,\"id\":1,\"status\":1},{\"x\":1,\"y\":2,\"id\":2,\"status\":1},{\"x\":1,\"y\":3,\"id\":3,\"status\":1},{\"x\":1,\"y\":4,\"id\":4,\"status\":1},{\"x\":1,\"y\":5,\"id\":5,\"status\":1},{\"x\":1,\"y\":6,\"id\":6,\"status\":1},{\"x\":2,\"y\":1,\"id\":7,\"status\":1},{\"x\":2,\"y\":2,\"id\":8,\"status\":1},{\"x\":2,\"y\":3,\"id\":9,\"status\":1},{\"x\":2,\"y\":4,\"id\":10,\"status\":1},{\"x\":2,\"y\":5,\"id\":11,\"status\":1},{\"x\":2,\"y\":6,\"id\":12,\"status\":1},{\"x\":3,\"y\":1,\"id\":13,\"status\":1},{\"x\":3,\"y\":2,\"id\":14,\"status\":1},{\"x\":3,\"y\":3,\"id\":15,\"status\":1},{\"x\":3,\"y\":4,\"id\":16,\"status\":1},{\"x\":3,\"y\":5,\"id\":17,\"status\":1},{\"x\":3,\"y\":6,\"id\":18,\"status\":1},{\"x\":4,\"y\":1,\"id\":19,\"status\":1},{\"x\":4,\"y\":2,\"id\":20,\"status\":1},{\"x\":4,\"y\":3,\"id\":21,\"status\":1},{\"x\":4,\"y\":4,\"id\":22,\"status\":1},{\"x\":4,\"y\":5,\"id\":23,\"status\":1},{\"x\":4,\"y\":6,\"id\":24,\"status\":1},{\"x\":5,\"y\":1,\"id\":25,\"status\":1},{\"x\":5,\"y\":2,\"id\":26,\"status\":1},{\"x\":5,\"y\":3,\"id\":27,\"status\":1},{\"x\":5,\"y\":4,\"id\":28,\"status\":1},{\"x\":5,\"y\":5,\"id\":29,\"status\":1},{\"x\":5,\"y\":6,\"id\":30,\"status\":1}]}','33','2019-12-28 19:21:05','2019-12-28 21:05:05',NULL);

/*Table structure for table `tb_ticket` */

DROP TABLE IF EXISTS `tb_ticket`;

CREATE TABLE `tb_ticket` (
  `ticket_id` bigint(255) NOT NULL AUTO_INCREMENT COMMENT '票id',
  `order_id` varchar(300) DEFAULT NULL COMMENT '订单ID',
  `time` timestamp NULL DEFAULT NULL COMMENT '播放时间',
  `hall_name` varchar(300) DEFAULT NULL COMMENT '影厅名称',
  `mov_id` bigint(230) DEFAULT NULL COMMENT '电影ID',
  `mov_name` varchar(50) DEFAULT NULL COMMENT '电影名字',
  `showings_id` bigint(20) DEFAULT NULL COMMENT '放映ID',
  `seat` varchar(300) DEFAULT NULL COMMENT '座位',
  `price` decimal(50,0) DEFAULT NULL COMMENT '票价',
  `code` varchar(400) DEFAULT NULL COMMENT '电影票验证',
  `is_comment` bigint(30) DEFAULT NULL COMMENT '(0:未评价1评价',
  `status` bigint(20) DEFAULT NULL COMMENT '0:未支付 1:已经支付 2:已经消费3:已经退款',
  `spare` varchar(3000) DEFAULT NULL COMMENT '备用字段',
  PRIMARY KEY (`ticket_id`)
) ENGINE=InnoDB DEFAULT CHARSET=utf8;

/*Data for the table `tb_ticket` */

/*Table structure for table `tb_timetable` */

DROP TABLE IF EXISTS `tb_timetable`;

CREATE TABLE `tb_timetable` (
  `id` bigint(32) NOT NULL AUTO_INCREMENT COMMENT '时刻表ID',
  `show_time` timestamp NULL DEFAULT NULL COMMENT '播放时间',
  `spare` varchar(3000) DEFAULT NULL COMMENT '备选字段',
  PRIMARY KEY (`id`)
) ENGINE=InnoDB AUTO_INCREMENT=19 DEFAULT CHARSET=utf8;

/*Data for the table `tb_timetable` */

insert  into `tb_timetable`(`id`,`show_time`,`spare`) values (3,'2019-12-08 07:00:00',NULL),(4,'2019-12-08 15:55:00',NULL),(11,'2019-12-08 11:00:00',NULL),(18,'2019-12-29 14:00:20',NULL);

/*Table structure for table `tb_type` */

DROP TABLE IF EXISTS `tb_type`;

CREATE TABLE `tb_type` (
  `type_id` bigint(11) NOT NULL AUTO_INCREMENT COMMENT 'id',
  `type_name` varchar(255) DEFAULT NULL COMMENT '电影类别',
  `spare` varchar(3000) DEFAULT NULL COMMENT '备用字段',
  PRIMARY KEY (`type_id`)
) ENGINE=InnoDB AUTO_INCREMENT=9 DEFAULT CHARSET=utf8;

/*Data for the table `tb_type` */

insert  into `tb_type`(`type_id`,`type_name`,`spare`) values (1,'爱情',NULL),(2,'喜剧',NULL),(3,'动作',NULL),(4,'恐怖',NULL),(5,'动画',NULL),(6,'科幻',NULL),(7,'悬疑',NULL),(8,'其他',NULL);

/*!40101 SET SQL_MODE=@OLD_SQL_MODE */;
/*!40014 SET FOREIGN_KEY_CHECKS=@OLD_FOREIGN_KEY_CHECKS */;
/*!40014 SET UNIQUE_CHECKS=@OLD_UNIQUE_CHECKS */;
/*!40111 SET SQL_NOTES=@OLD_SQL_NOTES */;
